accession	study	object_status	bioproject_accession	biosample_accession	title	filename	library_ID	library_strategy	library_source	library_selection	library_layout	platform	instrument_model	design_description	data_type	shear_method	size_selection	ccs_algorithm	polymerase_version	seq_plate_chemistry_version	generator_facility	generator_contact	filetype	assembly
SRR29483271	SRP305758	new	PRJNA701308	SAMN17861234	PacBio HiFi sequencing of HG01358	m84046_231202_071034_s1.hifi_reads.bc2053.bam	HG01358.HFSS2_m84046_231202_071034_s1	WGS	GENOMIC	size fractionation	single	PACBIO_SMRT	Revio	HiFi sequencing of 26kb fractionated gDNA	unaligned reads	Megaruptor 3	Pippin HT	v8.0.0	P1	C1	University of Washington	kmiyamot@uw.edu	bam	unaligned
SRR29483270	SRP305758	new	PRJNA701308	SAMN17861234	PacBio HiFi sequencing of HG01358	m84046_231202_110908_s4.hifi_reads.bc2053.bam	HG01358.HFSS2_m84046_231202_110908_s4	WGS	GENOMIC	size fractionation	single	PACBIO_SMRT	Revio	HiFi sequencing of 26kb fractionated gDNA	unaligned reads	Megaruptor 3	Pippin HT	v8.0.0	P1	C1	University of Washington	kmiyamot@uw.edu	bam	unaligned
SRR29483115	SRP305758	new	PRJNA701308	SAMN17861232	PacBio HiFi sequencing of HG01123	m84046_230724_203319_s4.hifi_reads.bc2055.bam	HG01123.HFSS2_m84046_230724_203319_s4	WGS	GENOMIC	size fractionation	single	PACBIO_SMRT	Revio	HiFi sequencing of 16kb fractionated gDNA	unaligned reads	Megaruptor 3	Pippin HT	v7.0.0	P1	C1	University of Washington	kmiyamot@uw.edu	bam	unaligned
SRR29483114	SRP305758	new	PRJNA701308	SAMN17861232	PacBio HiFi sequencing of HG01123	m84046_231202_090949_s3.hifi_reads.bc2055.bam	HG01123.HFSS3_m84046_231202_090949_s3	WGS	GENOMIC	size fractionation	single	PACBIO_SMRT	Revio	HiFi sequencing of 25kb fractionated gDNA	unaligned reads	Megaruptor 3	Pippin HT	v8.0.0	P1	C1	University of Washington	kmiyamot@uw.edu	bam	unaligned
SRR29483175	SRP305758	new	PRJNA701308	SAMN17861235	PacBio HiFi sequencing of HG01361	m84046_230724_203319_s4.hifi_reads.bc2056.bam	HG01361.HFSS2_m84046_230724_203319_s4	WGS	GENOMIC	size fractionation	single	PACBIO_SMRT	Revio	HiFi sequencing of 18kb fractionated gDNA	unaligned reads	Megaruptor 3	Pippin HT	v7.0.0	P1	C1	University of Washington	kmiyamot@uw.edu	bam	unaligned
SRR29483098	SRP305758	new	PRJNA701308	SAMN17861235	PacBio HiFi sequencing of HG01361	m84046_231202_071034_s1.hifi_reads.bc2052.bam	HG01361.HFSS3_m84046_231202_071034_s1	WGS	GENOMIC	size fractionation	single	PACBIO_SMRT	Revio	HiFi sequencing of 27kb fractionated gDNA	unaligned reads	Megaruptor 3	Pippin HT	v8.0.0	P1	C1	University of Washington	kmiyamot@uw.edu	bam	unaligned
SRR29483154	SRP305758	new	PRJNA701308	SAMN17861233	PacBio HiFi sequencing of HG01258	m84046_231202_090949_s3.hifi_reads.bc2054.bam	HG01258.HFSS2_m84046_231202_090949_s3	WGS	GENOMIC	size fractionation	single	PACBIO_SMRT	Revio	HiFi sequencing of 25kb fractionated gDNA	unaligned reads	Megaruptor 3	Pippin HT	v8.0.0	P1	C1	University of Washington	kmiyamot@uw.edu	bam	unaligned
SRR29483076	SRP305758	new	PRJNA701308	SAMN17861241	PacBio HiFi sequencing of HG03516	m84046_231202_110908_s4.hifi_reads.bc2056.bam	HG03516.HFSS_m84046_231202_110908_s4	WGS	GENOMIC	size fractionation	single	PACBIO_SMRT	Revio	HiFi sequencing of 22kb fractionated gDNA	unaligned reads	Megaruptor 3	Pippin HT	v8.0.0	P1	C1	University of Washington	kmiyamot@uw.edu	bam	unaligned
SRR29483087	SRP305758	new	PRJNA701308	SAMN33758800	PacBio HiFi sequencing of NA20752	m84046_230517_211630_s4.hifi_reads.bc2052.bam	PG20752.HFSS_m84046_230517_211630_s4	WGS	GENOMIC	size fractionation	single	PACBIO_SMRT	Revio	HiFi sequencing of 23kb fractionated gDNA	unaligned reads	Megaruptor 3	Pippin HT	v7.0.0	P1	C1	University of Washington	kmiyamot@uw.edu	bam	unaligned
SRR29483073	SRP305758	new	PRJNA701308	SAMN33758792	PacBio HiFi sequencing of HG03139	m84046_230623_210640_s1.hifi_reads.bc2019.bam	HG03139.HFSS_m84046_230623_210640_s1	WGS	GENOMIC	size fractionation	single	PACBIO_SMRT	Revio	HiFi sequencing of 25kb fractionated gDNA	unaligned reads	Megaruptor 3	Pippin HT	v7.0.0	P1	C1	University of Washington	kmiyamot@uw.edu	bam	unaligned
SRR29483267	SRP305758	new	PRJNA701308	SAMN33758792	PacBio HiFi sequencing of HG03139	m84046_230602_220440_s3.hifi_reads.bc2019.bam	HG03139.HFSS_m84046_230602_220440_s3	WGS	GENOMIC	size fractionation	single	PACBIO_SMRT	Revio	HiFi sequencing of 25kb fractionated gDNA	unaligned reads	Megaruptor 3	Pippin HT	v7.0.0	P1	C1	University of Washington	kmiyamot@uw.edu	bam	unaligned
SRR29483258	SRP305758	new	PRJNA701308	SAMN41021688	PacBio HiFi sequencing of NA19190	m84046_230909_231800_s4.hifi_reads.bc2035.bam	PG19190.HFSS_m84046_230909_231800_s4	WGS	GENOMIC	size fractionation	single	PACBIO_SMRT	Revio	HiFi sequencing of 24kb fractionated gDNA	unaligned reads	Megaruptor 3	Pippin HT	v7.0.0	P1	C1	University of Washington	kmiyamot@uw.edu	bam	unaligned
SRR29483264	SRP305758	new	PRJNA701308	SAMN41021688	PacBio HiFi sequencing of NA19190	m84046_230913_204538_s3.hifi_reads.bc2035.bam	PG19190.HFSS_m84046_230913_204538_s3	WGS	GENOMIC	size fractionation	single	PACBIO_SMRT	Revio	HiFi sequencing of 24kb fractionated gDNA	unaligned reads	Megaruptor 3	Pippin HT	v7.0.0	P1	C1	University of Washington	kmiyamot@uw.edu	bam	unaligned
SRR29483239	SRP305758	new	PRJNA701308	SAMN26267379	PacBio HiFi sequencing of HG01346	m84046_230720_182350_s1.hifi_reads.bc2005.bam	HG01346.HFSS2_m84046_230720_182350_s1	WGS	GENOMIC	size fractionation	single	PACBIO_SMRT	Revio	HiFi sequencing of 21kb fractionated gDNA	unaligned reads	Megaruptor 3	Pippin HT	v7.0.0	P1	C1	University of Washington	kmiyamot@uw.edu	bam	unaligned
SRR29483206	SRP305758	new	PRJNA701308	SAMN41021677	PacBio HiFi sequencing of HG03136	m84046_230722_180255_s3.hifi_reads.bc2080.bam	PG03136.HFSS_m84046_230722_180255_s3	WGS	GENOMIC	size fractionation	single	PACBIO_SMRT	Revio	HiFi sequencing of 21kb fractionated gDNA	unaligned reads	Megaruptor 3	Pippin HT	v7.0.0	P1	C1	University of Washington	kmiyamot@uw.edu	bam	unaligned
SRR29483217	SRP305758	new	PRJNA701308	SAMN41021677	PacBio HiFi sequencing of HG03136	m84046_230722_183401_s4.hifi_reads.bc2080.bam	PG03136.HFSS_m84046_230722_183401_s4	WGS	GENOMIC	size fractionation	single	PACBIO_SMRT	Revio	HiFi sequencing of 21kb fractionated gDNA	unaligned reads	Megaruptor 3	Pippin HT	v7.0.0	P1	C1	University of Washington	kmiyamot@uw.edu	bam	unaligned
SRR29483136	SRP305758	new	PRJNA701308	SAMN41021677	PacBio HiFi sequencing of HG03136	m84046_230721_192545_s2.hifi_reads.bc2080.bam	PG03136.HFSS_m84046_230721_192545_s2	WGS	GENOMIC	size fractionation	single	PACBIO_SMRT	Revio	HiFi sequencing of 21kb fractionated gDNA	unaligned reads	Megaruptor 3	Pippin HT	v7.0.0	P1	C1	University of Washington	kmiyamot@uw.edu	bam	unaligned
SRR29483147	SRP305758	new	PRJNA701308	SAMN33758782	PacBio HiFi sequencing of HG01074	m84046_230719_001055_s4.hifi_reads.bc2061.bam	HG01074.HFSS3_m84046_230719_001055_s4	WGS	GENOMIC	size fractionation	single	PACBIO_SMRT	Revio	HiFi sequencing of 26kb fractionated gDNA	unaligned reads	Megaruptor 3	Pippin HT	v7.0.0	P1	C1	University of Washington	kmiyamot@uw.edu	bam	unaligned
SRR29483186	SRP305758	new	PRJNA701308	SAMN33758782	PacBio HiFi sequencing of HG01074	m84046_230712_231732_s2.hifi_reads.bc2061.bam	HG01074.HFSS3_m84046_230712_231732_s2	WGS	GENOMIC	size fractionation	single	PACBIO_SMRT	Revio	HiFi sequencing of 26kb fractionated gDNA	unaligned reads	Megaruptor 3	Pippin HT	v7.0.0	P1	C1	University of Washington	kmiyamot@uw.edu	bam	unaligned
SRR29483197	SRP305758	new	PRJNA701308	SAMN41021654	PacBio HiFi sequencing of HG00350	m84046_230712_231732_s2.hifi_reads.bc2048.bam	PG00350.HFSS_m84046_230712_231732_s2	WGS	GENOMIC	size fractionation	single	PACBIO_SMRT	Revio	HiFi sequencing of 22kb fractionated gDNA	unaligned reads	Megaruptor 3	Pippin HT	v7.0.0	P1	C1	University of Washington	kmiyamot@uw.edu	bam	unaligned
SRR29483185	SRP305758	new	PRJNA701308	SAMN41021654	PacBio HiFi sequencing of HG00350	m84046_230703_222200_s3.hifi_reads.bc2048.bam	PG00350.HFSS_m84046_230703_222200_s3	WGS	GENOMIC	size fractionation	single	PACBIO_SMRT	Revio	HiFi sequencing of 22kb fractionated gDNA	unaligned reads	Megaruptor 3	Pippin HT	v7.0.0	P1	C1	University of Washington	kmiyamot@uw.edu	bam	unaligned
SRR29483126	SRP305758	new	PRJNA701308	SAMN41021654	PacBio HiFi sequencing of HG00350	m84046_230701_000218_s4.hifi_reads.bc2048.bam	PG00350.HFSS_m84046_230701_000218_s4	WGS	GENOMIC	size fractionation	single	PACBIO_SMRT	Revio	HiFi sequencing of 22kb fractionated gDNA	unaligned reads	Megaruptor 3	Pippin HT	v7.0.0	P1	C1	University of Washington	kmiyamot@uw.edu	bam	unaligned
SRR29483123	SRP305758	new	PRJNA701308	SAMN33758783	PacBio HiFi sequencing of HG01081	m84046_230707_205716_s4.bc2065--bc2065.bam	HG01081.HFSS2_m84046_230707_205716_s4	WGS	GENOMIC	size fractionation	single	PACBIO_SMRT	Revio	HiFi sequencing of 30kb fractionated gDNA	unaligned reads	Megaruptor 3	Pippin HT	v7.0.0	P1	C1	University of Washington	kmiyamot@uw.edu	bam	unaligned
SRR29483122	SRP305758	new	PRJNA701308	SAMN33758783	PacBio HiFi sequencing of HG01081	m84046_230628_210130_s1.bc2065--bc2065.bam	HG01081.HFSS2_m84046_230628_210130_s1	WGS	GENOMIC	size fractionation	single	PACBIO_SMRT	Revio	HiFi sequencing of 30kb fractionated gDNA	unaligned reads	Megaruptor 3	Pippin HT	v7.0.0	P1	C1	University of Washington	kmiyamot@uw.edu	bam	unaligned
SRR29483121	SRP305758	new	PRJNA701308	SAMN33758788	PacBio HiFi sequencing of HG02922	m84046_230617_040148_s2.hifi_reads.bc2053.bam	PG02922.HFSS2_m84046_230617_040148_s2	WGS	GENOMIC	size fractionation	single	PACBIO_SMRT	Revio	HiFi sequencing of 23kb fractionated gDNA	unaligned reads	Megaruptor 3	Pippin HT	v7.0.0	P1	C1	University of Washington	kmiyamot@uw.edu	bam	unaligned
SRR29483120	SRP305758	new	PRJNA701308	SAMN33758779	PacBio HiFi sequencing of HG00280	m84046_230628_213236_s2.hifi_reads.bc2051.bam	PG00280.HFSS_m84046_230628_213236_s2	WGS	GENOMIC	size fractionation	single	PACBIO_SMRT	Revio	HiFi sequencing of 22kb fractionated gDNA	unaligned reads	Megaruptor 3	Pippin HT	v7.0.0	P1	C1	University of Washington	kmiyamot@uw.edu	bam	unaligned
SRR29483119	SRP305758	new	PRJNA701308	SAMN17861239	PacBio HiFi sequencing of HG02559	m84046_230628_175536_s3.hifi_reads.bc2057.bam	HG02559.HFSS_m84046_230628_175536_s3	WGS	GENOMIC	size fractionation	single	PACBIO_SMRT	Revio	HiFi sequencing of 24kb fractionated gDNA	unaligned reads	Megaruptor 3	Pippin HT	v7.0.0	P1	C1	University of Washington	kmiyamot@uw.edu	bam	unaligned
SRR29483118	SRP305758	new	PRJNA701308	SAMN26267385	PacBio HiFi sequencing of HG03688	m84046_230707_195504_s2.hifi_reads.default.bam	HG03688.HFSS_b2_m84046_230707_195504_s2	WGS	GENOMIC	size fractionation	single	PACBIO_SMRT	Revio	HiFi sequencing of 18kb fractionated gDNA	unaligned reads	Megaruptor 3	Pippin HT	v7.0.0	P1	C1	University of Washington	kmiyamot@uw.edu	bam	unaligned
SRR29483166	SRP305758	new	PRJNA701308	SAMN41021639	PacBio HiFi sequencing of HG00290	m84046_230627_204123_s2.hifi_reads.bc2052.bam	PG00290.HFSS_m84046_230627_204123_s2	WGS	GENOMIC	size fractionation	single	PACBIO_SMRT	Revio	HiFi sequencing of 30kb fractionated gDNA	unaligned reads	Megaruptor 3	Pippin HT	v7.0.0	P1	C1	University of Washington	kmiyamot@uw.edu	bam	unaligned
SRR29483165	SRP305758	new	PRJNA701308	SAMN41021639	PacBio HiFi sequencing of HG00290	m84046_230623_203534_s4.hifi_reads.bc2052.bam	PG00290.HFSS_m84046_230623_203534_s4	WGS	GENOMIC	size fractionation	single	PACBIO_SMRT	Revio	HiFi sequencing of 30kb fractionated gDNA	unaligned reads	Megaruptor 3	Pippin HT	v7.0.0	P1	C1	University of Washington	kmiyamot@uw.edu	bam	unaligned
SRR29483113	SRP305758	new	PRJNA701308	SAMN41021639	PacBio HiFi sequencing of HG00290	m84046_230627_201017_s1.hifi_reads.bc2052.bam	PG00290.HFSS_m84046_230627_201017_s1	WGS	GENOMIC	size fractionation	single	PACBIO_SMRT	Revio	HiFi sequencing of 30kb fractionated gDNA	unaligned reads	Megaruptor 3	Pippin HT	v7.0.0	P1	C1	University of Washington	kmiyamot@uw.edu	bam	unaligned
SRR29483112	SRP305758	new	PRJNA701308	SAMN41021639	PacBio HiFi sequencing of HG00290	m84046_230630_233157_s3.bc2052--bc2052.bam	PG00290.HFSS_m84046_230630_233157_s3	WGS	GENOMIC	size fractionation	single	PACBIO_SMRT	Revio	HiFi sequencing of 30kb fractionated gDNA	unaligned reads	Megaruptor 3	Pippin HT	v7.0.0	P1	C1	University of Washington	kmiyamot@uw.edu	bam	unaligned
SRR29483111	SRP305758	new	PRJNA701308	SAMN41021639	PacBio HiFi sequencing of HG00290	m84046_230712_224626_s1.hifi_reads.bc2052.bam	PG00290.HFSS_m84046_230712_224626_s1	WGS	GENOMIC	size fractionation	single	PACBIO_SMRT	Revio	HiFi sequencing of 30kb fractionated gDNA	unaligned reads	Megaruptor 3	Pippin HT	v7.0.0	P1	C1	University of Washington	kmiyamot@uw.edu	bam	unaligned
SRR29483110	SRP305758	new	PRJNA701308	SAMN41021638	PacBio HiFi sequencing of HG00133	m84046_230621_231827_s1.hifi_reads.bc2045.bam	PG00133.HFSS_m84046_230621_231827_s1	WGS	GENOMIC	size fractionation	single	PACBIO_SMRT	Revio	HiFi sequencing of 29kb fractionated gDNA	unaligned reads	Megaruptor 3	Pippin HT	v7.0.0	P1	C1	University of Washington	kmiyamot@uw.edu	bam	unaligned
SRR29483109	SRP305758	new	PRJNA701308	SAMN41021638	PacBio HiFi sequencing of HG00133	m84046_230617_043254_s3.hifi_reads.bc2045.bam	PG00133.HFSS_m84046_230617_043254_s3	WGS	GENOMIC	size fractionation	single	PACBIO_SMRT	Revio	HiFi sequencing of 29kb fractionated gDNA	unaligned reads	Megaruptor 3	Pippin HT	v7.0.0	P1	C1	University of Washington	kmiyamot@uw.edu	bam	unaligned
SRR29483108	SRP305758	new	PRJNA701308	SAMN41021638	PacBio HiFi sequencing of HG00133	m84046_230617_050400_s4.hifi_reads.bc2045.bam	PG00133.HFSS_m84046_230617_050400_s4	WGS	GENOMIC	size fractionation	single	PACBIO_SMRT	Revio	HiFi sequencing of 29kb fractionated gDNA	unaligned reads	Megaruptor 3	Pippin HT	v7.0.0	P1	C1	University of Washington	kmiyamot@uw.edu	bam	unaligned
SRR29483107	SRP305758	new	PRJNA701308	SAMN41021638	PacBio HiFi sequencing of HG00133	m84046_230719_001055_s4.hifi_reads.bc2085.bam	PG00133.HFSS2_m84046_230719_001055_s4	WGS	GENOMIC	size fractionation	single	PACBIO_SMRT	Revio	HiFi sequencing of 27kb fractionated gDNA	unaligned reads	Megaruptor 3	Pippin HT	v7.0.0	P1	C1	University of Washington	kmiyamot@uw.edu	bam	unaligned
SRR29483106	SRP305758	new	PRJNA701308	SAMN41021638	PacBio HiFi sequencing of HG00133	m84046_230602_203207_s4.hifi_reads.bc2045.bam	PG00133.HFSS_m84046_230602_203207_s4	WGS	GENOMIC	size fractionation	single	PACBIO_SMRT	Revio	HiFi sequencing of 29kb fractionated gDNA	unaligned reads	Megaruptor 3	Pippin HT	v7.0.0	P1	C1	University of Washington	kmiyamot@uw.edu	bam	unaligned
SRR29483105	SRP305758	new	PRJNA701308	SAMN41021638	PacBio HiFi sequencing of HG00133	m84046_230621_234848_s2.hifi_reads.bc2045.bam	PG00133.HFSS_m84046_230621_234848_s2	WGS	GENOMIC	size fractionation	single	PACBIO_SMRT	Revio	HiFi sequencing of 29kb fractionated gDNA	unaligned reads	Megaruptor 3	Pippin HT	v7.0.0	P1	C1	University of Washington	kmiyamot@uw.edu	bam	unaligned
SRR29483104	SRP305758	new	PRJNA701308	SAMN33758796	PacBio HiFi sequencing of NA18522	m84046_230603_204152_s4.hifi_reads.bc2021.bam	NA18522.HFSS_m84046_230603_204152_s4	WGS	GENOMIC	size fractionation	single	PACBIO_SMRT	Revio	HiFi sequencing of 23kb fractionated gDNA	unaligned reads	Megaruptor 3	Pippin HT	v7.0.0	P1	C1	University of Washington	kmiyamot@uw.edu	bam	unaligned
SRR29483174	SRP305758	new	PRJNA701308	SAMN33758796	PacBio HiFi sequencing of NA18522	m84046_230531_214232_s2.hifi_reads.bc2021.bam	NA18522.HFSS_m84046_230531_214232_s2	WGS	GENOMIC	size fractionation	single	PACBIO_SMRT	Revio	HiFi sequencing of 23kb fractionated gDNA	unaligned reads	Megaruptor 3	Pippin HT	v7.0.0	P1	C1	University of Washington	kmiyamot@uw.edu	bam	unaligned
SRR29483173	SRP305758	new	PRJNA701308	SAMN41021653	PacBio HiFi sequencing of HG00344	m84046_230715_064007_s2.hifi_reads.bc2083.bam	PG00344.HFSS2_m84046_230715_064007_s2	WGS	GENOMIC	size fractionation	single	PACBIO_SMRT	Revio	HiFi sequencing of 20kb fractionated gDNA	unaligned reads	Megaruptor 3	Pippin HT	v7.0.0	P1	C1	University of Washington	kmiyamot@uw.edu	bam	unaligned
SRR29483172	SRP305758	new	PRJNA701308	SAMN41021653	PacBio HiFi sequencing of HG00344	m84046_230715_060901_s1.hifi_reads.bc2083.bam	PG00344.HFSS2_m84046_230715_060901_s1	WGS	GENOMIC	size fractionation	single	PACBIO_SMRT	Revio	HiFi sequencing of 20kb fractionated gDNA	unaligned reads	Megaruptor 3	Pippin HT	v7.0.0	P1	C1	University of Washington	kmiyamot@uw.edu	bam	unaligned
SRR29483171	SRP305758	new	PRJNA701308	SAMN41021653	PacBio HiFi sequencing of HG00344	m84046_230718_233949_s3.hifi_reads.bc2083.bam	PG00344.HFSS2_m84046_230718_233949_s3	WGS	GENOMIC	size fractionation	single	PACBIO_SMRT	Revio	HiFi sequencing of 20kb fractionated gDNA	unaligned reads	Megaruptor 3	Pippin HT	v7.0.0	P1	C1	University of Washington	kmiyamot@uw.edu	bam	unaligned
SRR29483170	SRP305758	new	PRJNA701308	SAMN41021663	PacBio HiFi sequencing of NA18871	m84046_230721_182333_s4.hifi_reads.bc2091.bam	PG18871.HFSS_m84046_230721_182333_s4	WGS	GENOMIC	size fractionation	single	PACBIO_SMRT	Revio	HiFi sequencing of 21kb fractionated gDNA	unaligned reads	Megaruptor 3	Pippin HT	v7.0.0	P1	C1	University of Washington	kmiyamot@uw.edu	bam	unaligned
SRR29483169	SRP305758	new	PRJNA701308	SAMN41021663	PacBio HiFi sequencing of NA18871	m84046_230721_175304_s3.hifi_reads.bc2091.bam	PG18871.HFSS_m84046_230721_175304_s3	WGS	GENOMIC	size fractionation	single	PACBIO_SMRT	Revio	HiFi sequencing of 21kb fractionated gDNA	unaligned reads	Megaruptor 3	Pippin HT	v7.0.0	P1	C1	University of Washington	kmiyamot@uw.edu	bam	unaligned
SRR29483168	SRP305758	new	PRJNA701308	SAMN41021663	PacBio HiFi sequencing of NA18871	m84046_230721_185439_s1.hifi_reads.bc2091.bam	PG18871.HFSS_m84046_230721_185439_s1	WGS	GENOMIC	size fractionation	single	PACBIO_SMRT	Revio	HiFi sequencing of 21kb fractionated gDNA	unaligned reads	Megaruptor 3	Pippin HT	v7.0.0	P1	C1	University of Washington	kmiyamot@uw.edu	bam	unaligned
SRR29483167	SRP305758	new	PRJNA701308	SAMN33758784	PacBio HiFi sequencing of HG02040	m84046_230531_221339_s3.hifi_reads.bc2056.bam	PG02040.HFSS2_m84046_230531_221339_s3	WGS	GENOMIC	size fractionation	single	PACBIO_SMRT	Revio	HiFi sequencing of 22kb fractionated gDNA	unaligned reads	Megaruptor 3	Pippin HT	v7.0.0	P1	C1	University of Washington	kmiyamot@uw.edu	bam	unaligned
SRR29483100	SRP305758	new	PRJNA701308	SAMN26267393	PacBio HiFi sequencing of HG01884	m84046_230712_231732_s2.hifi_reads.default.bam	HG01884.HFSS_m84046_230712_231732_s2	WGS	GENOMIC	size fractionation	single	PACBIO_SMRT	Revio	HiFi sequencing of 18kb fractionated gDNA	unaligned reads	Megaruptor 3	Pippin HT	v7.0.0	P1	C1	University of Washington	kmiyamot@uw.edu	bam	unaligned
SRR29483099	SRP305758	new	PRJNA701308	SAMN26267393	PacBio HiFi sequencing of HG01884	m84046_230707_192442_s1.hifi_reads.default.bam	HG01884.HFSS_m84046_230707_192442_s1	WGS	GENOMIC	size fractionation	single	PACBIO_SMRT	Revio	HiFi sequencing of 18kb fractionated gDNA	unaligned reads	Megaruptor 3	Pippin HT	v7.0.0	P1	C1	University of Washington	kmiyamot@uw.edu	bam	unaligned
SRR29483164	SRP305758	new	PRJNA701308	SAMN26267393	PacBio HiFi sequencing of HG01884	m84046_230718_230843_s2.hifi_reads.default.bam	HG01884.HFSS_m84046_230718_230843_s2	WGS	GENOMIC	size fractionation	single	PACBIO_SMRT	Revio	HiFi sequencing of 18kb fractionated gDNA	unaligned reads	Megaruptor 3	Pippin HT	v7.0.0	P1	C1	University of Washington	kmiyamot@uw.edu	bam	unaligned
SRR29483163	SRP305758	new	PRJNA701308	SAMN26267393	PacBio HiFi sequencing of HG01884	m84046_230701_003325_s1.hifi_reads.default.bam	HG01884.HFSS_m84046_230701_003325_s1	WGS	GENOMIC	size fractionation	single	PACBIO_SMRT	Revio	HiFi sequencing of 18kb fractionated gDNA	unaligned reads	Megaruptor 3	Pippin HT	v7.0.0	P1	C1	University of Washington	kmiyamot@uw.edu	bam	unaligned
SRR29483162	SRP305758	new	PRJNA701308	SAMN26267383	PacBio HiFi sequencing of HG02647	m84046_230707_202610_s3.hifi_reads.bc2060.bam	HG02647.HFSS_m84046_230707_202610_s3	WGS	GENOMIC	size fractionation	single	PACBIO_SMRT	Revio	HiFi sequencing of 23kb fractionated gDNA	unaligned reads	Megaruptor 3	Pippin HT	v7.0.0	P1	C1	University of Washington	kmiyamot@uw.edu	bam	unaligned
SRR29483161	SRP305758	new	PRJNA701308	SAMN33758795	PacBio HiFi sequencing of HG03704	m84046_230720_185410_s2.hifi_reads.bc2002.bam	HG03704.HFSS5_m84046_230720_185410_s2	WGS	GENOMIC	size fractionation	single	PACBIO_SMRT	Revio	HiFi sequencing of 24kb fractionated gDNA	unaligned reads	Megaruptor 3	Pippin HT	v7.0.0	P1	C1	University of Washington	kmiyamot@uw.edu	bam	unaligned
SRR29483160	SRP305758	new	PRJNA701308	SAMN33758795	PacBio HiFi sequencing of HG03704	m84046_230617_040148_s2.hifi_reads.bc1001.bam	HG03704.HFSS3_m84046_230617_040148_s2	WGS	GENOMIC	size fractionation	single	PACBIO_SMRT	Revio	HiFi sequencing of 25kb fractionated gDNA	unaligned reads	Megaruptor 3	Pippin HT	v7.0.0	P1	C1	University of Washington	kmiyamot@uw.edu	bam	unaligned
SRR29483159	SRP305758	new	PRJNA701308	SAMN17861236	PacBio HiFi sequencing of HG01891	m84046_230712_224626_s1.hifi_reads.bc2066.bam	HG01891.HFSS_m84046_230712_224626_s1	WGS	GENOMIC	size fractionation	single	PACBIO_SMRT	Revio	HiFi sequencing of 24kb fractionated gDNA	unaligned reads	Megaruptor 3	Pippin HT	v7.0.0	P1	C1	University of Washington	kmiyamot@uw.edu	bam	unaligned
SRR29483158	SRP305758	new	PRJNA701308	SAMN41021662	PacBio HiFi sequencing of HG01766	m84046_230722_180255_s3.hifi_reads.bc2090.bam	PG01766.HFSS_m84046_230722_180255_s3	WGS	GENOMIC	size fractionation	single	PACBIO_SMRT	Revio	HiFi sequencing of 22kb fractionated gDNA	unaligned reads	Megaruptor 3	Pippin HT	v7.0.0	P1	C1	University of Washington	kmiyamot@uw.edu	bam	unaligned
SRR29483157	SRP305758	new	PRJNA701308	SAMN41021662	PacBio HiFi sequencing of HG01766	m84046_230728_232723_s1.hifi_reads.bc2090.bam	PG01766.HFSS_m84046_230728_232723_s1	WGS	GENOMIC	size fractionation	single	PACBIO_SMRT	Revio	HiFi sequencing of 22kb fractionated gDNA	unaligned reads	Megaruptor 3	Pippin HT	v7.0.0	P1	C1	University of Washington	kmiyamot@uw.edu	bam	unaligned
SRR29483156	SRP305758	new	PRJNA701308	SAMN41021662	PacBio HiFi sequencing of HG01766	m84046_230722_183401_s4.hifi_reads.bc2090.bam	PG01766.HFSS_m84046_230722_183401_s4	WGS	GENOMIC	size fractionation	single	PACBIO_SMRT	Revio	HiFi sequencing of 22kb fractionated gDNA	unaligned reads	Megaruptor 3	Pippin HT	v7.0.0	P1	C1	University of Washington	kmiyamot@uw.edu	bam	unaligned
SRR29483155	SRP305758	new	PRJNA701308	SAMN41021662	PacBio HiFi sequencing of HG01766	m84046_230721_192545_s2.hifi_reads.bc2090.bam	PG01766.HFSS_m84046_230721_192545_s2	WGS	GENOMIC	size fractionation	single	PACBIO_SMRT	Revio	HiFi sequencing of 22kb fractionated gDNA	unaligned reads	Megaruptor 3	Pippin HT	v7.0.0	P1	C1	University of Washington	kmiyamot@uw.edu	bam	unaligned
SRR29483153	SRP305758	new	PRJNA701308	SAMN41021673	PacBio HiFi sequencing of HG03457	m84046_230728_195023_s2.hifi_reads.bc2093.bam	PG03457.HFSS_m84046_230728_195023_s2	WGS	GENOMIC	size fractionation	single	PACBIO_SMRT	Revio	HiFi sequencing of 24kb fractionated gDNA	unaligned reads	Megaruptor 3	Pippin HT	v7.0.0	P1	C1	University of Washington	kmiyamot@uw.edu	bam	unaligned
SRR29483152	SRP305758	new	PRJNA701308	SAMN41021673	PacBio HiFi sequencing of HG03457	m84046_230731_200859_s2.hifi_reads.bc2093.bam	PG03457.HFSS_m84046_230731_200859_s2	WGS	GENOMIC	size fractionation	single	PACBIO_SMRT	Revio	HiFi sequencing of 24kb fractionated gDNA	unaligned reads	Megaruptor 3	Pippin HT	v7.0.0	P1	C1	University of Washington	kmiyamot@uw.edu	bam	unaligned
SRR29483103	SRP305758	new	PRJNA701308	SAMN41021673	PacBio HiFi sequencing of HG03457	m84046_230728_205153_s4.hifi_reads.bc2093.bam	PG03457.HFSS_m84046_230728_205153_s4	WGS	GENOMIC	size fractionation	single	PACBIO_SMRT	Revio	HiFi sequencing of 24kb fractionated gDNA	unaligned reads	Megaruptor 3	Pippin HT	v7.0.0	P1	C1	University of Washington	kmiyamot@uw.edu	bam	unaligned
SRR29483102	SRP305758	new	PRJNA701308	SAMN41021673	PacBio HiFi sequencing of HG03457	m84046_230727_225904_s1.hifi_reads.bc2093.bam	PG03457.HFSS_m84046_230727_225904_s1	WGS	GENOMIC	size fractionation	single	PACBIO_SMRT	Revio	HiFi sequencing of 24kb fractionated gDNA	unaligned reads	Megaruptor 3	Pippin HT	v7.0.0	P1	C1	University of Washington	kmiyamot@uw.edu	bam	unaligned
SRR29483101	SRP305758	new	PRJNA701308	SAMN41021673	PacBio HiFi sequencing of HG03457	m84046_230728_202047_s3.hifi_reads.bc2093.bam	PG03457.HFSS_m84046_230728_202047_s3	WGS	GENOMIC	size fractionation	single	PACBIO_SMRT	Revio	HiFi sequencing of 24kb fractionated gDNA	unaligned reads	Megaruptor 3	Pippin HT	v7.0.0	P1	C1	University of Washington	kmiyamot@uw.edu	bam	unaligned
SRR29483081	SRP305758	new	PRJNA701308	SAMN41021629	PacBio HiFi sequencing of NA21106	m84046_230508_200815_s4.hifi_reads.bc2089.bam	PG21106.HFSS_m84046_230508_200815_s4	WGS	GENOMIC	size fractionation	single	PACBIO_SMRT	Revio	HiFi sequencing of 23kb fractionated gDNA	unaligned reads	Megaruptor 3	Pippin HT	v7.0.0	P1	C1	University of Washington	kmiyamot@uw.edu	bam	unaligned
SRR29483080	SRP305758	new	PRJNA701308	SAMN41021629	PacBio HiFi sequencing of NA21106	m84046_230504_205453_s3.hifi_reads.bc2089.bam	PG21106.HFSS_m84046_230504_205453_s3	WGS	GENOMIC	size fractionation	single	PACBIO_SMRT	Revio	HiFi sequencing of 23kb fractionated gDNA	unaligned reads	Megaruptor 3	Pippin HT	v7.0.0	P1	C1	University of Washington	kmiyamot@uw.edu	bam	unaligned
SRR29483079	SRP305758	new	PRJNA701308	SAMN41021629	PacBio HiFi sequencing of NA21106	m84046_230501_151821_s4.hifi_reads.bc2089.bam	PG21106.HFSS_m84046_230501_151821_s4	WGS	GENOMIC	size fractionation	single	PACBIO_SMRT	Revio	HiFi sequencing of 23kb fractionated gDNA	unaligned reads	Megaruptor 3	Pippin HT	v7.0.0	P1	C1	University of Washington	kmiyamot@uw.edu	bam	unaligned
SRR29483078	SRP305758	new	PRJNA701308	SAMN41021629	PacBio HiFi sequencing of NA21106	m84046_230504_212559_s4.hifi_reads.bc2089.bam	PG21106.HFSS_m84046_230504_212559_s4	WGS	GENOMIC	size fractionation	single	PACBIO_SMRT	Revio	HiFi sequencing of 23kb fractionated gDNA	unaligned reads	Megaruptor 3	Pippin HT	v7.0.0	P1	C1	University of Washington	kmiyamot@uw.edu	bam	unaligned
SRR29483077	SRP305758	new	PRJNA701308	SAMN41021611	PacBio HiFi sequencing of NA19682	m84046_230504_195327_s1.hifi_reads.bc2090.bam	PG19682.HFSS_m84046_230504_195327_s1	WGS	GENOMIC	size fractionation	single	PACBIO_SMRT	Revio	HiFi sequencing of 24kb fractionated gDNA	unaligned reads	Megaruptor 3	Pippin HT	v7.0.0	P1	C1	University of Washington	kmiyamot@uw.edu	bam	unaligned
SRR29483097	SRP305758	new	PRJNA701308	SAMN41021611	PacBio HiFi sequencing of NA19682	m84046_230428_231421_s3.hifi_reads.bc2090.bam	PG19682.HFSS_m84046_230428_231421_s3	WGS	GENOMIC	size fractionation	single	PACBIO_SMRT	Revio	HiFi sequencing of 24kb fractionated gDNA	unaligned reads	Megaruptor 3	Pippin HT	v7.0.0	P1	C1	University of Washington	kmiyamot@uw.edu	bam	unaligned
SRR29483096	SRP305758	new	PRJNA701308	SAMN41021611	PacBio HiFi sequencing of NA19682	m84046_230504_202347_s2.hifi_reads.bc2090.bam	PG19682.HFSS_m84046_230504_202347_s2	WGS	GENOMIC	size fractionation	single	PACBIO_SMRT	Revio	HiFi sequencing of 24kb fractionated gDNA	unaligned reads	Megaruptor 3	Pippin HT	v7.0.0	P1	C1	University of Washington	kmiyamot@uw.edu	bam	unaligned
SRR29483095	SRP305758	new	PRJNA701308	SAMN41021611	PacBio HiFi sequencing of NA19682	m84046_230508_193709_s3.hifi_reads.bc2090.bam	PG19682.HFSS_m84046_230508_193709_s3	WGS	GENOMIC	size fractionation	single	PACBIO_SMRT	Revio	HiFi sequencing of 24kb fractionated gDNA	unaligned reads	Megaruptor 3	Pippin HT	v7.0.0	P1	C1	University of Washington	kmiyamot@uw.edu	bam	unaligned
SRR29483094	SRP305758	new	PRJNA701308	SAMN41021641	PacBio HiFi sequencing of HG00128	m84046_230617_043254_s3.hifi_reads.bc2044.bam	PG00128.HFSS_m84046_230617_043254_s3	WGS	GENOMIC	size fractionation	single	PACBIO_SMRT	Revio	HiFi sequencing of 21kb fractionated gDNA	unaligned reads	Megaruptor 3	Pippin HT	v7.0.0	P1	C1	University of Washington	kmiyamot@uw.edu	bam	unaligned
SRR29483093	SRP305758	new	PRJNA701308	SAMN41021641	PacBio HiFi sequencing of HG00128	m84046_230602_203207_s4.hifi_reads.bc2044.bam	PG00128.HFSS_m84046_230602_203207_s4	WGS	GENOMIC	size fractionation	single	PACBIO_SMRT	Revio	HiFi sequencing of 21kb fractionated gDNA	unaligned reads	Megaruptor 3	Pippin HT	v7.0.0	P1	C1	University of Washington	kmiyamot@uw.edu	bam	unaligned
SRR29483092	SRP305758	new	PRJNA701308	SAMN41021641	PacBio HiFi sequencing of HG00128	m84046_230617_050400_s4.hifi_reads.bc2044.bam	PG00128.HFSS_m84046_230617_050400_s4	WGS	GENOMIC	size fractionation	single	PACBIO_SMRT	Revio	HiFi sequencing of 21kb fractionated gDNA	unaligned reads	Megaruptor 3	Pippin HT	v7.0.0	P1	C1	University of Washington	kmiyamot@uw.edu	bam	unaligned
SRR29483091	SRP305758	new	PRJNA701308	SAMN41021641	PacBio HiFi sequencing of HG00128	m84046_230630_233157_s3.bc2069--bc2069.bam	PG00128.HFSS2_m84046_230630_233157_s3	WGS	GENOMIC	size fractionation	single	PACBIO_SMRT	Revio	HiFi sequencing of 21kb fractionated gDNA	unaligned reads	Megaruptor 3	Pippin HT	v7.0.0	P1	C1	University of Washington	kmiyamot@uw.edu	bam	unaligned
SRR29483090	SRP305758	new	PRJNA701308	SAMN26267387	PacBio HiFi sequencing of HG03942	m84046_230711_230656_s2.hifi_reads.default.bam	HG03942.HFSS_C_m84046_230711_230656_s2	WGS	GENOMIC	size fractionation	single	PACBIO_SMRT	Revio	HiFi sequencing of 18kb fractionated gDNA	unaligned reads	Megaruptor 3	Pippin HT	v7.0.0	P1	C1	University of Washington	kmiyamot@uw.edu	bam	unaligned
SRR29483089	SRP305758	new	PRJNA701308	SAMN33758781	PacBio HiFi sequencing of HG00639	m84046_230707_192442_s1.hifi_reads.bc2059.bam	HG00639.HFSS2_m84046_230707_192442_s1	WGS	GENOMIC	size fractionation	single	PACBIO_SMRT	Revio	HiFi sequencing of 25kb fractionated gDNA	unaligned reads	Megaruptor 3	Pippin HT	v7.0.0	P1	C1	University of Washington	kmiyamot@uw.edu	bam	unaligned
SRR29483088	SRP305758	new	PRJNA701308	SAMN41021664	PacBio HiFi sequencing of NA20850	m84046_230721_182333_s4.hifi_reads.bc2092.bam	PG20850.HFSS_m84046_230721_182333_s4	WGS	GENOMIC	size fractionation	single	PACBIO_SMRT	Revio	HiFi sequencing of 21kb fractionated gDNA	unaligned reads	Megaruptor 3	Pippin HT	v7.0.0	P1	C1	University of Washington	kmiyamot@uw.edu	bam	unaligned
SRR29483086	SRP305758	new	PRJNA701308	SAMN41021664	PacBio HiFi sequencing of NA20850	m84046_230721_185439_s1.hifi_reads.bc2092.bam	PG20850.HFSS_m84046_230721_185439_s1	WGS	GENOMIC	size fractionation	single	PACBIO_SMRT	Revio	HiFi sequencing of 21kb fractionated gDNA	unaligned reads	Megaruptor 3	Pippin HT	v7.0.0	P1	C1	University of Washington	kmiyamot@uw.edu	bam	unaligned
SRR29483085	SRP305758	new	PRJNA701308	SAMN41021664	PacBio HiFi sequencing of NA20850	m84046_230721_175304_s3.hifi_reads.bc2092.bam	PG20850.HFSS_m84046_230721_175304_s3	WGS	GENOMIC	size fractionation	single	PACBIO_SMRT	Revio	HiFi sequencing of 21kb fractionated gDNA	unaligned reads	Megaruptor 3	Pippin HT	v7.0.0	P1	C1	University of Washington	kmiyamot@uw.edu	bam	unaligned
SRR29483084	SRP305758	new	PRJNA701308	SAMN41021660	PacBio HiFi sequencing of HG00097	m84046_230718_223822_s1.hifi_reads.bc2086.bam	PG00097.HFSS_m84046_230718_223822_s1	WGS	GENOMIC	size fractionation	single	PACBIO_SMRT	Revio	HiFi sequencing of 24kb fractionated gDNA	unaligned reads	Megaruptor 3	Pippin HT	v7.0.0	P1	C1	University of Washington	kmiyamot@uw.edu	bam	unaligned
SRR29483083	SRP305758	new	PRJNA701308	SAMN41021660	PacBio HiFi sequencing of HG00097	m84046_230716_054822_s4.hifi_reads.bc2086.bam	PG00097.HFSS_m84046_230716_054822_s4	WGS	GENOMIC	size fractionation	single	PACBIO_SMRT	Revio	HiFi sequencing of 24kb fractionated gDNA	unaligned reads	Megaruptor 3	Pippin HT	v7.0.0	P1	C1	University of Washington	kmiyamot@uw.edu	bam	unaligned
SRR29483082	SRP305758	new	PRJNA701308	SAMN41021660	PacBio HiFi sequencing of HG00097	m84046_230716_051716_s3.hifi_reads.bc2086.bam	PG00097.HFSS_m84046_230716_051716_s3	WGS	GENOMIC	size fractionation	single	PACBIO_SMRT	Revio	HiFi sequencing of 24kb fractionated gDNA	unaligned reads	Megaruptor 3	Pippin HT	v7.0.0	P1	C1	University of Washington	kmiyamot@uw.edu	bam	unaligned
SRR29483062	SRP305758	new	PRJNA701308	SAMN26267391	PacBio HiFi sequencing of HG04228	m84046_230617_033126_s1.hifi_reads.default.bam	HG04228.HFSS_D_m84046_230617_033126_s1	WGS	GENOMIC	size fractionation	single	PACBIO_SMRT	Revio	HiFi sequencing of 19kb fractionated gDNA	unaligned reads	Megaruptor 3	Pippin HT	v7.0.0	P1	C1	University of Washington	kmiyamot@uw.edu	bam	unaligned
SRR29483061	SRP305758	new	PRJNA701308	SAMN41021626	PacBio HiFi sequencing of NA18508	m84046_230513_215634_s1.hifi_reads.bc2001.bam	PG18508.HFSS2_m84046_230513_215634_s1	WGS	GENOMIC	size fractionation	single	PACBIO_SMRT	Revio	HiFi sequencing of 24kb fractionated gDNA	unaligned reads	Megaruptor 3	Pippin HT	v7.0.0	P1	C1	University of Washington	kmiyamot@uw.edu	bam	unaligned
SRR29483060	SRP305758	new	PRJNA701308	SAMN41021626	PacBio HiFi sequencing of NA18508	m84046_230516_205603_s2.hifi_reads.bc2001.bam	PG18508.HFSS2_m84046_230516_205603_s2	WGS	GENOMIC	size fractionation	single	PACBIO_SMRT	Revio	HiFi sequencing of 24kb fractionated gDNA	unaligned reads	Megaruptor 3	Pippin HT	v7.0.0	P1	C1	University of Washington	kmiyamot@uw.edu	bam	unaligned
SRR29483075	SRP305758	new	PRJNA701308	SAMN41021626	PacBio HiFi sequencing of NA18508	m84046_230516_212709_s3.hifi_reads.bc2001.bam	PG18508.HFSS2_m84046_230516_212709_s3	WGS	GENOMIC	size fractionation	single	PACBIO_SMRT	Revio	HiFi sequencing of 24kb fractionated gDNA	unaligned reads	Megaruptor 3	Pippin HT	v7.0.0	P1	C1	University of Washington	kmiyamot@uw.edu	bam	unaligned
SRR29483074	SRP305758	new	PRJNA701308	SAMN26267394	PacBio HiFi sequencing of HG02293	m84046_230718_233949_s3.hifi_reads.default.bam	HG02293.HFSS_m84046_230718_233949_s3	WGS	GENOMIC	size fractionation	single	PACBIO_SMRT	Revio	HiFi sequencing of 24kb fractionated gDNA	unaligned reads	Megaruptor 3	Pippin HT	v7.0.0	P1	C1	University of Washington	kmiyamot@uw.edu	bam	unaligned
SRR29483072	SRP305758	new	PRJNA701308	SAMN26267394	PacBio HiFi sequencing of HG02293	m84046_230707_205716_s4.default--default.bam	HG02293.HFSS_m84046_230707_205716_s4	WGS	GENOMIC	size fractionation	single	PACBIO_SMRT	Revio	HiFi sequencing of 24kb fractionated gDNA	unaligned reads	Megaruptor 3	Pippin HT	v7.0.0	P1	C1	University of Washington	kmiyamot@uw.edu	bam	unaligned
SRR29483071	SRP305758	new	PRJNA701308	SAMN26267394	PacBio HiFi sequencing of HG02293	m84046_230724_203319_s4.hifi_reads.default.bam	HG02293.HFSS_m84046_230724_203319_s4	WGS	GENOMIC	size fractionation	single	PACBIO_SMRT	Revio	HiFi sequencing of 24kb fractionated gDNA	unaligned reads	Megaruptor 3	Pippin HT	v7.0.0	P1	C1	University of Washington	kmiyamot@uw.edu	bam	unaligned
SRR29483070	SRP305758	new	PRJNA701308	SAMN41021640	PacBio HiFi sequencing of NA19443	m84046_230712_231732_s2.hifi_reads.bc2053.bam	PG19443.HFSS_m84046_230712_231732_s2	WGS	GENOMIC	size fractionation	single	PACBIO_SMRT	Revio	HiFi sequencing of 31kb fractionated gDNA	unaligned reads	Megaruptor 3	Pippin HT	v7.0.0	P1	C1	University of Washington	kmiyamot@uw.edu	bam	unaligned
SRR29483069	SRP305758	new	PRJNA701308	SAMN41021640	PacBio HiFi sequencing of NA19443	m84046_230623_203534_s4.hifi_reads.bc2053.bam	PG19443.HFSS_m84046_230623_203534_s4	WGS	GENOMIC	size fractionation	single	PACBIO_SMRT	Revio	HiFi sequencing of 31kb fractionated gDNA	unaligned reads	Megaruptor 3	Pippin HT	v7.0.0	P1	C1	University of Washington	kmiyamot@uw.edu	bam	unaligned
SRR29483068	SRP305758	new	PRJNA701308	SAMN41021640	PacBio HiFi sequencing of NA19443	m84046_230627_204123_s2.hifi_reads.bc2053.bam	PG19443.HFSS_m84046_230627_204123_s2	WGS	GENOMIC	size fractionation	single	PACBIO_SMRT	Revio	HiFi sequencing of 31kb fractionated gDNA	unaligned reads	Megaruptor 3	Pippin HT	v7.0.0	P1	C1	University of Washington	kmiyamot@uw.edu	bam	unaligned
SRR29483067	SRP305758	new	PRJNA701308	SAMN41021640	PacBio HiFi sequencing of NA19443	m84046_230627_201017_s1.hifi_reads.bc2053.bam	PG19443.HFSS_m84046_230627_201017_s1	WGS	GENOMIC	size fractionation	single	PACBIO_SMRT	Revio	HiFi sequencing of 31kb fractionated gDNA	unaligned reads	Megaruptor 3	Pippin HT	v7.0.0	P1	C1	University of Washington	kmiyamot@uw.edu	bam	unaligned
SRR29483066	SRP305758	new	PRJNA701308	SAMN41021640	PacBio HiFi sequencing of NA19443	m84046_230701_000218_s4.hifi_reads.bc2053.bam	PG19443.HFSS_m84046_230701_000218_s4	WGS	GENOMIC	size fractionation	single	PACBIO_SMRT	Revio	HiFi sequencing of 31kb fractionated gDNA	unaligned reads	Megaruptor 3	Pippin HT	v7.0.0	P1	C1	University of Washington	kmiyamot@uw.edu	bam	unaligned
SRR29483065	SRP305758	new	PRJNA701308	SAMN41021690	PacBio HiFi sequencing of NA19012	m84046_230901_230230_s4.hifi_reads.bc2037.bam	PG19012.HFSS_m84046_230901_230230_s4	WGS	GENOMIC	size fractionation	single	PACBIO_SMRT	Revio	HiFi sequencing of 20kb fractionated gDNA	unaligned reads	Megaruptor 3	Pippin HT	v7.0.0	P1	C1	University of Washington	kmiyamot@uw.edu	bam	unaligned
SRR29483064	SRP305758	new	PRJNA701308	SAMN41021690	PacBio HiFi sequencing of NA19012	m84046_230901_223052_s3.hifi_reads.bc2037.bam	PG19012.HFSS_m84046_230901_223052_s3	WGS	GENOMIC	size fractionation	single	PACBIO_SMRT	Revio	HiFi sequencing of 20kb fractionated gDNA	unaligned reads	Megaruptor 3	Pippin HT	v7.0.0	P1	C1	University of Washington	kmiyamot@uw.edu	bam	unaligned
SRR29483063	SRP305758	new	PRJNA701308	SAMN41021690	PacBio HiFi sequencing of NA19012	m84046_230906_215022_s3.hifi_reads.bc2037.bam	PG19012.HFSS_m84046_230906_215022_s3	WGS	GENOMIC	size fractionation	single	PACBIO_SMRT	Revio	HiFi sequencing of 20kb fractionated gDNA	unaligned reads	Megaruptor 3	Pippin HT	v7.0.0	P1	C1	University of Washington	kmiyamot@uw.edu	bam	unaligned
SRR29483268	SRP305758	new	PRJNA701308	SAMN41021612	PacBio HiFi sequencing of NA19700	m84046_230428_224315_s2.hifi_reads.bc2091.bam	PG19700.HFSS_m84046_230428_224315_s2	WGS	GENOMIC	size fractionation	single	PACBIO_SMRT	Revio	HiFi sequencing of 25kb fractionated gDNA	unaligned reads	Megaruptor 3	Pippin HT	v7.0.0	P1	C1	University of Washington	kmiyamot@uw.edu	bam	unaligned
SRR29483269	SRP305758	new	PRJNA701308	SAMN41021612	PacBio HiFi sequencing of NA19700	m84046_230502_210601_s4.hifi_reads.bc2091.bam	PG19700.HFSS_m84046_230502_210601_s4	WGS	GENOMIC	size fractionation	single	PACBIO_SMRT	Revio	HiFi sequencing of 25kb fractionated gDNA	unaligned reads	Megaruptor 3	Pippin HT	v7.0.0	P1	C1	University of Washington	kmiyamot@uw.edu	bam	unaligned
SRR29483250	SRP305758	new	PRJNA701308	SAMN41021612	PacBio HiFi sequencing of NA19700	m84046_230508_200815_s4.hifi_reads.bc2091.bam	PG19700.HFSS_m84046_230508_200815_s4	WGS	GENOMIC	size fractionation	single	PACBIO_SMRT	Revio	HiFi sequencing of 25kb fractionated gDNA	unaligned reads	Megaruptor 3	Pippin HT	v7.0.0	P1	C1	University of Washington	kmiyamot@uw.edu	bam	unaligned
SRR29483251	SRP305758	new	PRJNA701308	SAMN41021612	PacBio HiFi sequencing of NA19700	m84046_230502_203455_s3.hifi_reads.bc2091.bam	PG19700.HFSS_m84046_230502_203455_s3	WGS	GENOMIC	size fractionation	single	PACBIO_SMRT	Revio	HiFi sequencing of 25kb fractionated gDNA	unaligned reads	Megaruptor 3	Pippin HT	v7.0.0	P1	C1	University of Washington	kmiyamot@uw.edu	bam	unaligned
SRR29483252	SRP305758	new	PRJNA701308	SAMN17861240	PacBio HiFi sequencing of HG02572	m84046_230711_233802_s3.hifi_reads.default.bam	HG02572.HFSS3_m84046_230711_233802_s3	WGS	GENOMIC	size fractionation	single	PACBIO_SMRT	Revio	HiFi sequencing of 20kb fractionated gDNA	unaligned reads	Megaruptor 3	Pippin HT	v7.0.0	P1	C1	University of Washington	kmiyamot@uw.edu	bam	unaligned
SRR29483253	SRP305758	new	PRJNA701308	SAMN26267389	PacBio HiFi sequencing of HG04199	m84046_230703_225306_s4.hifi_reads.default.bam	HG04199.HFSS_m84046_230703_225306_s4	WGS	GENOMIC	size fractionation	single	PACBIO_SMRT	Revio	HiFi sequencing of 22kb fractionated gDNA	unaligned reads	Megaruptor 3	Pippin HT	v7.0.0	P1	C1	University of Washington	kmiyamot@uw.edu	bam	unaligned
SRR29483254	SRP305758	new	PRJNA701308	SAMN26267382	PacBio HiFi sequencing of HG02132	m84046_230603_204152_s4.hifi_reads.default.bam	HG02132.HFSSc_m84046_230603_204152_s4	WGS	GENOMIC	size fractionation	single	PACBIO_SMRT	Revio	HiFi sequencing of 26kb fractionated gDNA	unaligned reads	Megaruptor 3	Pippin HT	v7.0.0	P1	C1	University of Washington	kmiyamot@uw.edu	bam	unaligned
SRR29483255	SRP305758	new	PRJNA701308	SAMN26267397	PacBio HiFi sequencing of HG04184	m84046_230602_213334_s2.hifi_reads.default.bam	HG04184.HFSS_m84046_230602_213334_s2	WGS	GENOMIC	size fractionation	single	PACBIO_SMRT	Revio	HiFi sequencing of 20kb fractionated gDNA	unaligned reads	Megaruptor 3	Pippin HT	v7.0.0	P1	C1	University of Washington	kmiyamot@uw.edu	bam	unaligned
SRR29483256	SRP305758	new	PRJNA701308	SAMN26267397	PacBio HiFi sequencing of HG04184	m84046_230523_001708_s3.hifi_reads.default.bam	HG04184.HFSS_m84046_230523_001708_s3	WGS	GENOMIC	size fractionation	single	PACBIO_SMRT	Revio	HiFi sequencing of 20kb fractionated gDNA	unaligned reads	Megaruptor 3	Pippin HT	v7.0.0	P1	C1	University of Washington	kmiyamot@uw.edu	bam	unaligned
SRR29483257	SRP305758	new	PRJNA701308	SAMN41021651	PacBio HiFi sequencing of HG03521	m84046_230715_064007_s2.hifi_reads.bc2084.bam	PG03521.HFSS2_m84046_230715_064007_s2	WGS	GENOMIC	size fractionation	single	PACBIO_SMRT	Revio	HiFi sequencing of 23kb fractionated gDNA	unaligned reads	Megaruptor 3	Pippin HT	v7.0.0	P1	C1	University of Washington	kmiyamot@uw.edu	bam	unaligned
SRR29483259	SRP305758	new	PRJNA701308	SAMN41021651	PacBio HiFi sequencing of HG03521	m84046_230715_060901_s1.hifi_reads.bc2084.bam	PG03521.HFSS2_m84046_230715_060901_s1	WGS	GENOMIC	size fractionation	single	PACBIO_SMRT	Revio	HiFi sequencing of 23kb fractionated gDNA	unaligned reads	Megaruptor 3	Pippin HT	v7.0.0	P1	C1	University of Washington	kmiyamot@uw.edu	bam	unaligned
SRR29483260	SRP305758	new	PRJNA701308	SAMN41021651	PacBio HiFi sequencing of HG03521	m84046_230718_230843_s2.hifi_reads.bc2084.bam	PG03521.HFSS2_m84046_230718_230843_s2	WGS	GENOMIC	size fractionation	single	PACBIO_SMRT	Revio	HiFi sequencing of 23kb fractionated gDNA	unaligned reads	Megaruptor 3	Pippin HT	v7.0.0	P1	C1	University of Washington	kmiyamot@uw.edu	bam	unaligned
SRR29483261	SRP305758	new	PRJNA701308	SAMN41021675	PacBio HiFi sequencing of HG03778	m84046_230728_205153_s4.hifi_reads.bc2095.bam	PG03778.HFSS_m84046_230728_205153_s4	WGS	GENOMIC	size fractionation	single	PACBIO_SMRT	Revio	HiFi sequencing of 22kb fractionated gDNA	unaligned reads	Megaruptor 3	Pippin HT	v7.0.0	P1	C1	University of Washington	kmiyamot@uw.edu	bam	unaligned
SRR29483262	SRP305758	new	PRJNA701308	SAMN41021675	PacBio HiFi sequencing of HG03778	m84046_230728_195023_s2.hifi_reads.bc2095.bam	PG03778.HFSS_m84046_230728_195023_s2	WGS	GENOMIC	size fractionation	single	PACBIO_SMRT	Revio	HiFi sequencing of 22kb fractionated gDNA	unaligned reads	Megaruptor 3	Pippin HT	v7.0.0	P1	C1	University of Washington	kmiyamot@uw.edu	bam	unaligned
SRR29483263	SRP305758	new	PRJNA701308	SAMN41021675	PacBio HiFi sequencing of HG03778	m84046_230727_225904_s1.hifi_reads.bc2095.bam	PG03778.HFSS_m84046_230727_225904_s1	WGS	GENOMIC	size fractionation	single	PACBIO_SMRT	Revio	HiFi sequencing of 22kb fractionated gDNA	unaligned reads	Megaruptor 3	Pippin HT	v7.0.0	P1	C1	University of Washington	kmiyamot@uw.edu	bam	unaligned
SRR29483242	SRP305758	new	PRJNA701308	SAMN41021675	PacBio HiFi sequencing of HG03778	m84046_230731_200859_s2.hifi_reads.bc2095.bam	PG03778.HFSS_m84046_230731_200859_s2	WGS	GENOMIC	size fractionation	single	PACBIO_SMRT	Revio	HiFi sequencing of 22kb fractionated gDNA	unaligned reads	Megaruptor 3	Pippin HT	v7.0.0	P1	C1	University of Washington	kmiyamot@uw.edu	bam	unaligned
SRR29483243	SRP305758	new	PRJNA701308	SAMN41021675	PacBio HiFi sequencing of HG03778	m84046_230728_202047_s3.hifi_reads.bc2095.bam	PG03778.HFSS_m84046_230728_202047_s3	WGS	GENOMIC	size fractionation	single	PACBIO_SMRT	Revio	HiFi sequencing of 22kb fractionated gDNA	unaligned reads	Megaruptor 3	Pippin HT	v7.0.0	P1	C1	University of Washington	kmiyamot@uw.edu	bam	unaligned
SRR29483244	SRP305758	new	PRJNA701308	SAMN33758793	PacBio HiFi sequencing of HG03209	m84046_230617_033126_s1.hifi_reads.bc2020.bam	HG03209.HFSS_m84046_230617_033126_s1	WGS	GENOMIC	size fractionation	single	PACBIO_SMRT	Revio	HiFi sequencing of 22kb fractionated gDNA	unaligned reads	Megaruptor 3	Pippin HT	v7.0.0	P1	C1	University of Washington	kmiyamot@uw.edu	bam	unaligned
SRR29483245	SRP305758	new	PRJNA701308	SAMN41021610	PacBio HiFi sequencing of NA19776	m84046_230513_215634_s1.hifi_reads.bc2014.bam	PG19776.HFSS_m84046_230513_215634_s1	WGS	GENOMIC	size fractionation	single	PACBIO_SMRT	Revio	HiFi sequencing of 21kb fractionated gDNA	unaligned reads	Megaruptor 3	Pippin HT	v7.0.0	P1	C1	University of Washington	kmiyamot@uw.edu	bam	unaligned
SRR29483246	SRP305758	new	PRJNA701308	SAMN41021610	PacBio HiFi sequencing of NA19776	m84046_230516_205603_s2.hifi_reads.bc2014.bam	PG19776.HFSS_m84046_230516_205603_s2	WGS	GENOMIC	size fractionation	single	PACBIO_SMRT	Revio	HiFi sequencing of 21kb fractionated gDNA	unaligned reads	Megaruptor 3	Pippin HT	v7.0.0	P1	C1	University of Washington	kmiyamot@uw.edu	bam	unaligned
SRR29483265	SRP305758	new	PRJNA701308	SAMN41021610	PacBio HiFi sequencing of NA19776	m84046_230516_212709_s3.hifi_reads.bc2014.bam	PG19776.HFSS_m84046_230516_212709_s3	WGS	GENOMIC	size fractionation	single	PACBIO_SMRT	Revio	HiFi sequencing of 21kb fractionated gDNA	unaligned reads	Megaruptor 3	Pippin HT	v7.0.0	P1	C1	University of Washington	kmiyamot@uw.edu	bam	unaligned
SRR29483266	SRP305758	new	PRJNA701308	SAMN41021687	PacBio HiFi sequencing of HG01048	m84046_230906_222128_s4.hifi_reads.bc2034.bam	PG01048.HFSS_m84046_230906_222128_s4	WGS	GENOMIC	size fractionation	single	PACBIO_SMRT	Revio	HiFi sequencing of 23kb fractionated gDNA	unaligned reads	Megaruptor 3	Pippin HT	v7.0.0	P1	C1	University of Washington	kmiyamot@uw.edu	bam	unaligned
SRR29483230	SRP305758	new	PRJNA701308	SAMN41021687	PacBio HiFi sequencing of HG01048	m84046_230831_234545_s2.hifi_reads.bc2034.bam	PG01048.HFSS_m84046_230831_234545_s2	WGS	GENOMIC	size fractionation	single	PACBIO_SMRT	Revio	HiFi sequencing of 23kb fractionated gDNA	unaligned reads	Megaruptor 3	Pippin HT	v7.0.0	P1	C1	University of Washington	kmiyamot@uw.edu	bam	unaligned
SRR29483229	SRP305758	new	PRJNA701308	SAMN41021687	PacBio HiFi sequencing of HG01048	m84046_230831_231439_s1.hifi_reads.bc2034.bam	PG01048.HFSS_m84046_230831_231439_s1	WGS	GENOMIC	size fractionation	single	PACBIO_SMRT	Revio	HiFi sequencing of 23kb fractionated gDNA	unaligned reads	Megaruptor 3	Pippin HT	v7.0.0	P1	C1	University of Washington	kmiyamot@uw.edu	bam	unaligned
SRR29483228	SRP305758	new	PRJNA701308	SAMN41021687	PacBio HiFi sequencing of HG01048	m84046_230905_231311_s2.hifi_reads.bc2034.bam	PG01048.HFSS_m84046_230905_231311_s2	WGS	GENOMIC	size fractionation	single	PACBIO_SMRT	Revio	HiFi sequencing of 23kb fractionated gDNA	unaligned reads	Megaruptor 3	Pippin HT	v7.0.0	P1	C1	University of Washington	kmiyamot@uw.edu	bam	unaligned
SRR29483249	SRP305758	new	PRJNA701308	SAMN17861238	PacBio HiFi sequencing of HG02486	m84046_230707_195504_s2.hifi_reads.bc2067.bam	HG02486.HFSS_m84046_230707_195504_s2	WGS	GENOMIC	size fractionation	single	PACBIO_SMRT	Revio	HiFi sequencing of 37kb fractionated gDNA	unaligned reads	Megaruptor 3	Pippin HT	v7.0.0	P1	C1	University of Washington	kmiyamot@uw.edu	bam	unaligned
SRR29483248	SRP305758	new	PRJNA701308	SAMN17861238	PacBio HiFi sequencing of HG02486	m84046_230707_202610_s3.hifi_reads.bc2067.bam	HG02486.HFSS_m84046_230707_202610_s3	WGS	GENOMIC	size fractionation	single	PACBIO_SMRT	Revio	HiFi sequencing of 37kb fractionated gDNA	unaligned reads	Megaruptor 3	Pippin HT	v7.0.0	P1	C1	University of Washington	kmiyamot@uw.edu	bam	unaligned
SRR29483247	SRP305758	new	PRJNA701308	SAMN33758785	PacBio HiFi sequencing of HG02165	m84046_230617_040148_s2.hifi_reads.bc2054.bam	PG02165.HFSS2_m84046_230617_040148_s2	WGS	GENOMIC	size fractionation	single	PACBIO_SMRT	Revio	HiFi sequencing of 21kb fractionated gDNA	unaligned reads	Megaruptor 3	Pippin HT	v7.0.0	P1	C1	University of Washington	kmiyamot@uw.edu	bam	unaligned
SRR29483241	SRP305758	new	PRJNA701308	SAMN33758790	PacBio HiFi sequencing of HG03041	m84046_230720_182350_s1.hifi_reads.bc2003.bam	HG03041.HFSS2_m84046_230720_182350_s1	WGS	GENOMIC	size fractionation	single	PACBIO_SMRT	Revio	HiFi sequencing of 21kb fractionated gDNA	unaligned reads	Megaruptor 3	Pippin HT	v7.0.0	P1	C1	University of Washington	kmiyamot@uw.edu	bam	unaligned
SRR29483240	SRP305758	new	PRJNA701308	SAMN33758790	PacBio HiFi sequencing of HG03041	m84046_230602_213334_s2.hifi_reads.bc1009.bam	HG03041.HFSS_m84046_230602_213334_s2	WGS	GENOMIC	size fractionation	single	PACBIO_SMRT	Revio	HiFi sequencing of 24kb fractionated gDNA	unaligned reads	Megaruptor 3	Pippin HT	v7.0.0	P1	C1	University of Washington	kmiyamot@uw.edu	bam	unaligned
SRR29483238	SRP305758	new	PRJNA701308	SAMN33758790	PacBio HiFi sequencing of HG03041	m84046_230523_001708_s3.hifi_reads.bc1009.bam	HG03041.HFSS_m84046_230523_001708_s3	WGS	GENOMIC	size fractionation	single	PACBIO_SMRT	Revio	HiFi sequencing of 24kb fractionated gDNA	unaligned reads	Megaruptor 3	Pippin HT	v7.0.0	P1	C1	University of Washington	kmiyamot@uw.edu	bam	unaligned
SRR29483237	SRP305758	new	PRJNA701308	SAMN33758794	PacBio HiFi sequencing of HG03239	m84046_230703_225306_s4.hifi_reads.bc2063.bam	HG03239.HFSS2_m84046_230703_225306_s4	WGS	GENOMIC	size fractionation	single	PACBIO_SMRT	Revio	HiFi sequencing of 25kb fractionated gDNA	unaligned reads	Megaruptor 3	Pippin HT	v7.0.0	P1	C1	University of Washington	kmiyamot@uw.edu	bam	unaligned
SRR29483236	SRP305758	new	PRJNA701308	SAMN33758794	PacBio HiFi sequencing of HG03239	m84046_230628_210130_s1.bc2063--bc2063.bam	HG03239.HFSS2_m84046_230628_210130_s1	WGS	GENOMIC	size fractionation	single	PACBIO_SMRT	Revio	HiFi sequencing of 25kb fractionated gDNA	unaligned reads	Megaruptor 3	Pippin HT	v7.0.0	P1	C1	University of Washington	kmiyamot@uw.edu	bam	unaligned
SRR29483235	SRP305758	new	PRJNA701308	SAMN41021613	PacBio HiFi sequencing of NA19390	m84046_230501_151821_s4.hifi_reads.bc2092.bam	PG19390.HFSS_m84046_230501_151821_s4	WGS	GENOMIC	size fractionation	single	PACBIO_SMRT	Revio	HiFi sequencing of 22kb fractionated gDNA	unaligned reads	Megaruptor 3	Pippin HT	v7.0.0	P1	C1	University of Washington	kmiyamot@uw.edu	bam	unaligned
SRR29483234	SRP305758	new	PRJNA701308	SAMN41021613	PacBio HiFi sequencing of NA19390	m84046_230504_205453_s3.hifi_reads.bc2092.bam	PG19390.HFSS_m84046_230504_205453_s3	WGS	GENOMIC	size fractionation	single	PACBIO_SMRT	Revio	HiFi sequencing of 22kb fractionated gDNA	unaligned reads	Megaruptor 3	Pippin HT	v7.0.0	P1	C1	University of Washington	kmiyamot@uw.edu	bam	unaligned
SRR29483233	SRP305758	new	PRJNA701308	SAMN41021613	PacBio HiFi sequencing of NA19390	m84046_230508_200815_s4.hifi_reads.bc2092.bam	PG19390.HFSS_m84046_230508_200815_s4	WGS	GENOMIC	size fractionation	single	PACBIO_SMRT	Revio	HiFi sequencing of 22kb fractionated gDNA	unaligned reads	Megaruptor 3	Pippin HT	v7.0.0	P1	C1	University of Washington	kmiyamot@uw.edu	bam	unaligned
SRR29483232	SRP305758	new	PRJNA701308	SAMN41021613	PacBio HiFi sequencing of NA19390	m84046_230504_212559_s4.hifi_reads.bc2092.bam	PG19390.HFSS_m84046_230504_212559_s4	WGS	GENOMIC	size fractionation	single	PACBIO_SMRT	Revio	HiFi sequencing of 22kb fractionated gDNA	unaligned reads	Megaruptor 3	Pippin HT	v7.0.0	P1	C1	University of Washington	kmiyamot@uw.edu	bam	unaligned
SRR29483231	SRP305758	new	PRJNA701308	SAMN26267378	PacBio HiFi sequencing of HG00642	m84046_230531_221339_s3.hifi_reads.default.bam	HG00642.HFSS_m84046_230531_221339_s3	WGS	GENOMIC	size fractionation	single	PACBIO_SMRT	Revio	HiFi sequencing of 21kb fractionated gDNA	unaligned reads	Megaruptor 3	Pippin HT	v7.0.0	P1	C1	University of Washington	kmiyamot@uw.edu	bam	unaligned
SRR29483208	SRP305758	new	PRJNA701308	SAMN41021659	PacBio HiFi sequencing of HG00272	m84046_230719_001055_s4.hifi_reads.bc2087.bam	PG00272.HFSS_m84046_230719_001055_s4	WGS	GENOMIC	size fractionation	single	PACBIO_SMRT	Revio	HiFi sequencing of 27kb fractionated gDNA	unaligned reads	Megaruptor 3	Pippin HT	v7.0.0	P1	C1	University of Washington	kmiyamot@uw.edu	bam	unaligned
SRR29483207	SRP305758	new	PRJNA701308	SAMN41021659	PacBio HiFi sequencing of HG00272	m84046_230716_051716_s3.hifi_reads.bc2087.bam	PG00272.HFSS_m84046_230716_051716_s3	WGS	GENOMIC	size fractionation	single	PACBIO_SMRT	Revio	HiFi sequencing of 27kb fractionated gDNA	unaligned reads	Megaruptor 3	Pippin HT	v7.0.0	P1	C1	University of Washington	kmiyamot@uw.edu	bam	unaligned
SRR29483227	SRP305758	new	PRJNA701308	SAMN41021659	PacBio HiFi sequencing of HG00272	m84046_230716_054822_s4.hifi_reads.bc2087.bam	PG00272.HFSS_m84046_230716_054822_s4	WGS	GENOMIC	size fractionation	single	PACBIO_SMRT	Revio	HiFi sequencing of 27kb fractionated gDNA	unaligned reads	Megaruptor 3	Pippin HT	v7.0.0	P1	C1	University of Washington	kmiyamot@uw.edu	bam	unaligned
SRR29483226	SRP305758	new	PRJNA701308	SAMN41021659	PacBio HiFi sequencing of HG00272	m84046_230718_223822_s1.hifi_reads.bc2087.bam	PG00272.HFSS_m84046_230718_223822_s1	WGS	GENOMIC	size fractionation	single	PACBIO_SMRT	Revio	HiFi sequencing of 27kb fractionated gDNA	unaligned reads	Megaruptor 3	Pippin HT	v7.0.0	P1	C1	University of Washington	kmiyamot@uw.edu	bam	unaligned
SRR29483225	SRP305758	new	PRJNA701308	SAMN26267392	PacBio HiFi sequencing of HG02135	m84046_230707_202610_s3.hifi_reads.default.bam	HG02135.HFSS3_m84046_230707_202610_s3	WGS	GENOMIC	size fractionation	single	PACBIO_SMRT	Revio	HiFi sequencing of 24kb fractionated gDNA	unaligned reads	Megaruptor 3	Pippin HT	v7.0.0	P1	C1	University of Washington	kmiyamot@uw.edu	bam	unaligned
SRR29483224	SRP305758	new	PRJNA701308	SAMN26267392	PacBio HiFi sequencing of HG02135	m84046_230712_224626_s1.hifi_reads.default.bam	HG02135.HFSS3_m84046_230712_224626_s1	WGS	GENOMIC	size fractionation	single	PACBIO_SMRT	Revio	HiFi sequencing of 24kb fractionated gDNA	unaligned reads	Megaruptor 3	Pippin HT	v7.0.0	P1	C1	University of Washington	kmiyamot@uw.edu	bam	unaligned
SRR29483223	SRP305758	new	PRJNA701308	SAMN26267392	PacBio HiFi sequencing of HG02135	m84046_230623_210640_s1.hifi_reads.default.bam	HG02135.HFSS3_m84046_230623_210640_s1	WGS	GENOMIC	size fractionation	single	PACBIO_SMRT	Revio	HiFi sequencing of 24kb fractionated gDNA	unaligned reads	Megaruptor 3	Pippin HT	v7.0.0	P1	C1	University of Washington	kmiyamot@uw.edu	bam	unaligned
SRR29483222	SRP305758	new	PRJNA701308	SAMN26267392	PacBio HiFi sequencing of HG02135	m84046_230628_175536_s3.hifi_reads.default.bam	HG02135.HFSS3_m84046_230628_175536_s3	WGS	GENOMIC	size fractionation	single	PACBIO_SMRT	Revio	HiFi sequencing of 24kb fractionated gDNA	unaligned reads	Megaruptor 3	Pippin HT	v7.0.0	P1	C1	University of Washington	kmiyamot@uw.edu	bam	unaligned
SRR29483221	SRP305758	new	PRJNA701308	SAMN26267392	PacBio HiFi sequencing of HG02135	m84046_230602_220440_s3.hifi_reads.default.bam	HG02135.HFSS3_m84046_230602_220440_s3	WGS	GENOMIC	size fractionation	single	PACBIO_SMRT	Revio	HiFi sequencing of 24kb fractionated gDNA	unaligned reads	Megaruptor 3	Pippin HT	v7.0.0	P1	C1	University of Washington	kmiyamot@uw.edu	bam	unaligned
SRR29483220	SRP305758	new	PRJNA701308	SAMN26267388	PacBio HiFi sequencing of HG04115	m84046_230624_201459_s3.hifi_reads.default.bam	HG04115.HFSS_m84046_230624_201459_s3	WGS	GENOMIC	size fractionation	single	PACBIO_SMRT	Revio	HiFi sequencing of 24kb fractionated gDNA	unaligned reads	Megaruptor 3	Pippin HT	v7.0.0	P1	C1	University of Washington	kmiyamot@uw.edu	bam	unaligned
SRR29483219	SRP305758	new	PRJNA701308	SAMN41021689	PacBio HiFi sequencing of HG04225	m84046_230906_222128_s4.hifi_reads.bc2036.bam	PG04225.HFSS_m84046_230906_222128_s4	WGS	GENOMIC	size fractionation	single	PACBIO_SMRT	Revio	HiFi sequencing of 19kb fractionated gDNA	unaligned reads	Megaruptor 3	Pippin HT	v7.0.0	P1	C1	University of Washington	kmiyamot@uw.edu	bam	unaligned
SRR29483218	SRP305758	new	PRJNA701308	SAMN41021689	PacBio HiFi sequencing of HG04225	m84046_230906_215022_s3.hifi_reads.bc2036.bam	PG04225.HFSS_m84046_230906_215022_s3	WGS	GENOMIC	size fractionation	single	PACBIO_SMRT	Revio	HiFi sequencing of 19kb fractionated gDNA	unaligned reads	Megaruptor 3	Pippin HT	v7.0.0	P1	C1	University of Washington	kmiyamot@uw.edu	bam	unaligned
SRR29483216	SRP305758	new	PRJNA701308	SAMN41021689	PacBio HiFi sequencing of HG04225	m84046_230901_223052_s3.hifi_reads.bc2036.bam	PG04225.HFSS_m84046_230901_223052_s3	WGS	GENOMIC	size fractionation	single	PACBIO_SMRT	Revio	HiFi sequencing of 19kb fractionated gDNA	unaligned reads	Megaruptor 3	Pippin HT	v7.0.0	P1	C1	University of Washington	kmiyamot@uw.edu	bam	unaligned
SRR29483215	SRP305758	new	PRJNA701308	SAMN41021689	PacBio HiFi sequencing of HG04225	m84046_230901_230230_s4.hifi_reads.bc2036.bam	PG04225.HFSS_m84046_230901_230230_s4	WGS	GENOMIC	size fractionation	single	PACBIO_SMRT	Revio	HiFi sequencing of 19kb fractionated gDNA	unaligned reads	Megaruptor 3	Pippin HT	v7.0.0	P1	C1	University of Washington	kmiyamot@uw.edu	bam	unaligned
SRR29483214	SRP305758	new	PRJNA701308	SAMN41021674	PacBio HiFi sequencing of HG01028	m84046_230724_190043_s1.hifi_reads.bc2094.bam	PG01028.HFSS_m84046_230724_190043_s1	WGS	GENOMIC	size fractionation	single	PACBIO_SMRT	Revio	HiFi sequencing of 22kb fractionated gDNA	unaligned reads	Megaruptor 3	Pippin HT	v7.0.0	P1	C1	University of Washington	kmiyamot@uw.edu	bam	unaligned
SRR29483213	SRP305758	new	PRJNA701308	SAMN41021674	PacBio HiFi sequencing of HG01028	m84046_230728_232723_s1.hifi_reads.bc2094.bam	PG01028.HFSS_m84046_230728_232723_s1	WGS	GENOMIC	size fractionation	single	PACBIO_SMRT	Revio	HiFi sequencing of 22kb fractionated gDNA	unaligned reads	Megaruptor 3	Pippin HT	v7.0.0	P1	C1	University of Washington	kmiyamot@uw.edu	bam	unaligned
SRR29483212	SRP305758	new	PRJNA701308	SAMN41021674	PacBio HiFi sequencing of HG01028	m84046_230724_200213_s3.hifi_reads.bc2094.bam	PG01028.HFSS_m84046_230724_200213_s3	WGS	GENOMIC	size fractionation	single	PACBIO_SMRT	Revio	HiFi sequencing of 22kb fractionated gDNA	unaligned reads	Megaruptor 3	Pippin HT	v7.0.0	P1	C1	University of Washington	kmiyamot@uw.edu	bam	unaligned
SRR29483211	SRP305758	new	PRJNA701308	SAMN41021674	PacBio HiFi sequencing of HG01028	m84046_230724_193107_s2.hifi_reads.bc2094.bam	PG01028.HFSS_m84046_230724_193107_s2	WGS	GENOMIC	size fractionation	single	PACBIO_SMRT	Revio	HiFi sequencing of 22kb fractionated gDNA	unaligned reads	Megaruptor 3	Pippin HT	v7.0.0	P1	C1	University of Washington	kmiyamot@uw.edu	bam	unaligned
SRR29483210	SRP305758	new	PRJNA701308	SAMN41021661	PacBio HiFi sequencing of NA18879	m84046_230728_205153_s4.hifi_reads.bc2089.bam	PG18879.HFSS_m84046_230728_205153_s4	WGS	GENOMIC	size fractionation	single	PACBIO_SMRT	Revio	HiFi sequencing of 22kb fractionated gDNA	unaligned reads	Megaruptor 3	Pippin HT	v7.0.0	P1	C1	University of Washington	kmiyamot@uw.edu	bam	unaligned
SRR29483209	SRP305758	new	PRJNA701308	SAMN41021661	PacBio HiFi sequencing of NA18879	m84046_230727_225904_s1.hifi_reads.bc2089.bam	PG18879.HFSS_m84046_230727_225904_s1	WGS	GENOMIC	size fractionation	single	PACBIO_SMRT	Revio	HiFi sequencing of 22kb fractionated gDNA	unaligned reads	Megaruptor 3	Pippin HT	v7.0.0	P1	C1	University of Washington	kmiyamot@uw.edu	bam	unaligned
SRR29483138	SRP305758	new	PRJNA701308	SAMN41021661	PacBio HiFi sequencing of NA18879	m84046_230728_195023_s2.hifi_reads.bc2089.bam	PG18879.HFSS_m84046_230728_195023_s2	WGS	GENOMIC	size fractionation	single	PACBIO_SMRT	Revio	HiFi sequencing of 22kb fractionated gDNA	unaligned reads	Megaruptor 3	Pippin HT	v7.0.0	P1	C1	University of Washington	kmiyamot@uw.edu	bam	unaligned
SRR29483137	SRP305758	new	PRJNA701308	SAMN41021661	PacBio HiFi sequencing of NA18879	m84046_230728_202047_s3.hifi_reads.bc2089.bam	PG18879.HFSS_m84046_230728_202047_s3	WGS	GENOMIC	size fractionation	single	PACBIO_SMRT	Revio	HiFi sequencing of 22kb fractionated gDNA	unaligned reads	Megaruptor 3	Pippin HT	v7.0.0	P1	C1	University of Washington	kmiyamot@uw.edu	bam	unaligned
SRR29483205	SRP305758	new	PRJNA701308	SAMN41021661	PacBio HiFi sequencing of NA18879	m84046_230731_200859_s2.hifi_reads.bc2089.bam	PG18879.HFSS_m84046_230731_200859_s2	WGS	GENOMIC	size fractionation	single	PACBIO_SMRT	Revio	HiFi sequencing of 22kb fractionated gDNA	unaligned reads	Megaruptor 3	Pippin HT	v7.0.0	P1	C1	University of Washington	kmiyamot@uw.edu	bam	unaligned
SRR29483204	SRP305758	new	PRJNA701308	SAMN33758787	PacBio HiFi sequencing of HG02735	m84046_230703_225306_s4.hifi_reads.bc2062.bam	HG02735.HFSS_m84046_230703_225306_s4	WGS	GENOMIC	size fractionation	single	PACBIO_SMRT	Revio	HiFi sequencing of 27kb fractionated gDNA	unaligned reads	Megaruptor 3	Pippin HT	v7.0.0	P1	C1	University of Washington	kmiyamot@uw.edu	bam	unaligned
SRR29483203	SRP305758	new	PRJNA701308	SAMN33758787	PacBio HiFi sequencing of HG02735	m84046_230628_175536_s3.hifi_reads.bc2062.bam	HG02735.HFSS_m84046_230628_175536_s3	WGS	GENOMIC	size fractionation	single	PACBIO_SMRT	Revio	HiFi sequencing of 27kb fractionated gDNA	unaligned reads	Megaruptor 3	Pippin HT	v7.0.0	P1	C1	University of Washington	kmiyamot@uw.edu	bam	unaligned
SRR29483202	SRP305758	new	PRJNA701308	SAMN33758787	PacBio HiFi sequencing of HG02735	m84046_230711_230656_s2.hifi_reads.bc2062.bam	HG02735.HFSS_m84046_230711_230656_s2	WGS	GENOMIC	size fractionation	single	PACBIO_SMRT	Revio	HiFi sequencing of 27kb fractionated gDNA	unaligned reads	Megaruptor 3	Pippin HT	v7.0.0	P1	C1	University of Washington	kmiyamot@uw.edu	bam	unaligned
SRR29483201	SRP305758	new	PRJNA701308	SAMN33758787	PacBio HiFi sequencing of HG02735	m84046_230707_192442_s1.hifi_reads.bc2062.bam	HG02735.HFSS_m84046_230707_192442_s1	WGS	GENOMIC	size fractionation	single	PACBIO_SMRT	Revio	HiFi sequencing of 27kb fractionated gDNA	unaligned reads	Megaruptor 3	Pippin HT	v7.0.0	P1	C1	University of Washington	kmiyamot@uw.edu	bam	unaligned
SRR29483200	SRP305758	new	PRJNA701308	SAMN26267380	PacBio HiFi sequencing of HG02071	m84046_230712_000908_s4.hifi_reads.default.bam	HG02071.HFSS_A_m84046_230712_000908_s4	WGS	GENOMIC	size fractionation	single	PACBIO_SMRT	Revio	HiFi sequencing of 19kb fractionated gDNA	unaligned reads	Megaruptor 3	Pippin HT	v7.0.0	P1	C1	University of Washington	kmiyamot@uw.edu	bam	unaligned
SRR29483151	SRP305758	new	PRJNA701308	SAMN33758798	PacBio HiFi sequencing of NA18983	m84046_230623_210640_s1.hifi_reads.bc2055.bam	PG18983.HFSS2_m84046_230623_210640_s1	WGS	GENOMIC	size fractionation	single	PACBIO_SMRT	Revio	HiFi sequencing of 22kb fractionated gDNA	unaligned reads	Megaruptor 3	Pippin HT	v7.0.0	P1	C1	University of Washington	kmiyamot@uw.edu	bam	unaligned
SRR29483150	SRP305758	new	PRJNA701308	SAMN33758791	PacBio HiFi sequencing of HG03130	m84046_230602_213334_s2.hifi_reads.bc2018.bam	HG03130.HFSS_m84046_230602_213334_s2	WGS	GENOMIC	size fractionation	single	PACBIO_SMRT	Revio	HiFi sequencing of 22kb fractionated gDNA	unaligned reads	Megaruptor 3	Pippin HT	v7.0.0	P1	C1	University of Washington	kmiyamot@uw.edu	bam	unaligned
SRR29483149	SRP305758	new	PRJNA701308	SAMN41021637	PacBio HiFi sequencing of HG00126	m84046_230621_231827_s1.hifi_reads.bc2043.bam	PG00126.HFSS_m84046_230621_231827_s1	WGS	GENOMIC	size fractionation	single	PACBIO_SMRT	Revio	HiFi sequencing of 25kb fractionated gDNA	unaligned reads	Megaruptor 3	Pippin HT	v7.0.0	P1	C1	University of Washington	kmiyamot@uw.edu	bam	unaligned
SRR29483148	SRP305758	new	PRJNA701308	SAMN41021637	PacBio HiFi sequencing of HG00126	m84046_230617_050400_s4.hifi_reads.bc2043.bam	PG00126.HFSS_m84046_230617_050400_s4	WGS	GENOMIC	size fractionation	single	PACBIO_SMRT	Revio	HiFi sequencing of 25kb fractionated gDNA	unaligned reads	Megaruptor 3	Pippin HT	v7.0.0	P1	C1	University of Washington	kmiyamot@uw.edu	bam	unaligned
SRR29483146	SRP305758	new	PRJNA701308	SAMN41021637	PacBio HiFi sequencing of HG00126	m84046_230602_203207_s4.hifi_reads.bc2043.bam	PG00126.HFSS_m84046_230602_203207_s4	WGS	GENOMIC	size fractionation	single	PACBIO_SMRT	Revio	HiFi sequencing of 25kb fractionated gDNA	unaligned reads	Megaruptor 3	Pippin HT	v7.0.0	P1	C1	University of Washington	kmiyamot@uw.edu	bam	unaligned
SRR29483145	SRP305758	new	PRJNA701308	SAMN41021637	PacBio HiFi sequencing of HG00126	m84046_230621_234848_s2.hifi_reads.bc2043.bam	PG00126.HFSS_m84046_230621_234848_s2	WGS	GENOMIC	size fractionation	single	PACBIO_SMRT	Revio	HiFi sequencing of 25kb fractionated gDNA	unaligned reads	Megaruptor 3	Pippin HT	v7.0.0	P1	C1	University of Washington	kmiyamot@uw.edu	bam	unaligned
SRR29483144	SRP305758	new	PRJNA701308	SAMN41021637	PacBio HiFi sequencing of HG00126	m84046_230617_043254_s3.hifi_reads.bc2043.bam	PG00126.HFSS_m84046_230617_043254_s3	WGS	GENOMIC	size fractionation	single	PACBIO_SMRT	Revio	HiFi sequencing of 25kb fractionated gDNA	unaligned reads	Megaruptor 3	Pippin HT	v7.0.0	P1	C1	University of Washington	kmiyamot@uw.edu	bam	unaligned
SRR29483143	SRP305758	new	PRJNA701308	SAMN33758789	PacBio HiFi sequencing of HG03017	m84046_230707_202610_s3.hifi_reads.bc2058.bam	HG03017.HFSS2_m84046_230707_202610_s3	WGS	GENOMIC	size fractionation	single	PACBIO_SMRT	Revio	HiFi sequencing of 24kb fractionated gDNA	unaligned reads	Megaruptor 3	Pippin HT	v7.0.0	P1	C1	University of Washington	kmiyamot@uw.edu	bam	unaligned
SRR29483142	SRP305758	new	PRJNA701308	SAMN33758789	PacBio HiFi sequencing of HG03017	m84046_230711_233802_s3.hifi_reads.bc2058.bam	HG03017.HFSS2_m84046_230711_233802_s3	WGS	GENOMIC	size fractionation	single	PACBIO_SMRT	Revio	HiFi sequencing of 24kb fractionated gDNA	unaligned reads	Megaruptor 3	Pippin HT	v7.0.0	P1	C1	University of Washington	kmiyamot@uw.edu	bam	unaligned
SRR29483141	SRP305758	new	PRJNA701308	SAMN33758789	PacBio HiFi sequencing of HG03017	m84046_230701_003325_s1.hifi_reads.bc2058.bam	HG03017.HFSS2_m84046_230701_003325_s1	WGS	GENOMIC	size fractionation	single	PACBIO_SMRT	Revio	HiFi sequencing of 24kb fractionated gDNA	unaligned reads	Megaruptor 3	Pippin HT	v7.0.0	P1	C1	University of Washington	kmiyamot@uw.edu	bam	unaligned
SRR29483140	SRP305758	new	PRJNA701308	SAMN26267384	PacBio HiFi sequencing of HG02683	m84046_230522_234602_s2.hifi_reads.default.bam	HG02683.HFSS_m84046_230522_234602_s2	WGS	GENOMIC	size fractionation	single	PACBIO_SMRT	Revio	HiFi sequencing of 21kb fractionated gDNA	unaligned reads	Megaruptor 3	Pippin HT	v7.0.0	P1	C1	University of Washington	kmiyamot@uw.edu	bam	unaligned
SRR29483139	SRP305758	new	PRJNA701308	SAMN26267395	PacBio HiFi sequencing of HG02300	m84046_230519_231055_s2.hifi_reads.default.bam	HG02300.HFSS_m84046_230519_231055_s2	WGS	GENOMIC	size fractionation	single	PACBIO_SMRT	Revio	HiFi sequencing of 21kb fractionated gDNA	unaligned reads	Megaruptor 3	Pippin HT	v7.0.0	P1	C1	University of Washington	kmiyamot@uw.edu	bam	unaligned
SRR29483188	SRP305758	new	PRJNA701308	SAMN26267395	PacBio HiFi sequencing of HG02300	m84046_230628_210130_s1.default--default.bam	HG02300.HFSS_m84046_230628_210130_s1	WGS	GENOMIC	size fractionation	single	PACBIO_SMRT	Revio	HiFi sequencing of 21kb fractionated gDNA	unaligned reads	Megaruptor 3	Pippin HT	v7.0.0	P1	C1	University of Washington	kmiyamot@uw.edu	bam	unaligned
SRR29483187	SRP305758	new	PRJNA701308	SAMN26267395	PacBio HiFi sequencing of HG02300	m84046_230617_040148_s2.hifi_reads.default.bam	HG02300.HFSS_m84046_230617_040148_s2	WGS	GENOMIC	size fractionation	single	PACBIO_SMRT	Revio	HiFi sequencing of 21kb fractionated gDNA	unaligned reads	Megaruptor 3	Pippin HT	v7.0.0	P1	C1	University of Washington	kmiyamot@uw.edu	bam	unaligned
SRR29483135	SRP305758	new	PRJNA701308	SAMN33758801	PacBio HiFi sequencing of NA20905	m84046_230522_234602_s2.hifi_reads.bc2060.bam	PG20905.HFSS_m84046_230522_234602_s2	WGS	GENOMIC	size fractionation	single	PACBIO_SMRT	Revio	HiFi sequencing of 24kb fractionated gDNA	unaligned reads	Megaruptor 3	Pippin HT	v7.0.0	P1	C1	University of Washington	kmiyamot@uw.edu	bam	unaligned
SRR29483134	SRP305758	new	PRJNA701308	SAMN33758801	PacBio HiFi sequencing of NA20905	m84046_230623_210640_s1.hifi_reads.bc2060.bam	PG20905.HFSS_m84046_230623_210640_s1	WGS	GENOMIC	size fractionation	single	PACBIO_SMRT	Revio	HiFi sequencing of 24kb fractionated gDNA	unaligned reads	Megaruptor 3	Pippin HT	v7.0.0	P1	C1	University of Washington	kmiyamot@uw.edu	bam	unaligned
SRR29483133	SRP305758	new	PRJNA701308	SAMN33758799	PacBio HiFi sequencing of NA19043	m84046_230712_000908_s4.hifi_reads.bc2061.bam	PG19043.HFSS_m84046_230712_000908_s4	WGS	GENOMIC	size fractionation	single	PACBIO_SMRT	Revio	HiFi sequencing of 25kb fractionated gDNA	unaligned reads	Megaruptor 3	Pippin HT	v7.0.0	P1	C1	University of Washington	kmiyamot@uw.edu	bam	unaligned
SRR29483132	SRP305758	new	PRJNA701308	SAMN33758799	PacBio HiFi sequencing of NA19043	m84046_230519_231055_s2.hifi_reads.bc2061.bam	PG19043.HFSS_m84046_230519_231055_s2	WGS	GENOMIC	size fractionation	single	PACBIO_SMRT	Revio	HiFi sequencing of 25kb fractionated gDNA	unaligned reads	Megaruptor 3	Pippin HT	v7.0.0	P1	C1	University of Washington	kmiyamot@uw.edu	bam	unaligned
SRR29483131	SRP305758	new	PRJNA701308	SAMN17861237	PacBio HiFi sequencing of HG02257	m84046_230628_182559_s4.hifi_reads.bc2064.bam	HG02257.HFSS_m84046_230628_182559_s4	WGS	GENOMIC	size fractionation	single	PACBIO_SMRT	Revio	HiFi sequencing of 22kb fractionated gDNA	unaligned reads	Megaruptor 3	Pippin HT	v7.0.0	P1	C1	University of Washington	kmiyamot@uw.edu	bam	unaligned
SRR29483130	SRP305758	new	PRJNA701308	SAMN41021627	PacBio HiFi sequencing of NA21093	m84046_230428_231421_s3.hifi_reads.bc2094.bam	PG21093.HFSS_m84046_230428_231421_s3	WGS	GENOMIC	size fractionation	single	PACBIO_SMRT	Revio	HiFi sequencing of 24kb fractionated gDNA	unaligned reads	Megaruptor 3	Pippin HT	v7.0.0	P1	C1	University of Washington	kmiyamot@uw.edu	bam	unaligned
SRR29483129	SRP305758	new	PRJNA701308	SAMN41021627	PacBio HiFi sequencing of NA21093	m84046_230504_202347_s2.hifi_reads.bc2094.bam	PG21093.HFSS_m84046_230504_202347_s2	WGS	GENOMIC	size fractionation	single	PACBIO_SMRT	Revio	HiFi sequencing of 24kb fractionated gDNA	unaligned reads	Megaruptor 3	Pippin HT	v7.0.0	P1	C1	University of Washington	kmiyamot@uw.edu	bam	unaligned
SRR29483128	SRP305758	new	PRJNA701308	SAMN41021627	PacBio HiFi sequencing of NA21093	m84046_230508_193709_s3.hifi_reads.bc2094.bam	PG21093.HFSS_m84046_230508_193709_s3	WGS	GENOMIC	size fractionation	single	PACBIO_SMRT	Revio	HiFi sequencing of 24kb fractionated gDNA	unaligned reads	Megaruptor 3	Pippin HT	v7.0.0	P1	C1	University of Washington	kmiyamot@uw.edu	bam	unaligned
SRR29483199	SRP305758	new	PRJNA701308	SAMN41021627	PacBio HiFi sequencing of NA21093	m84046_230504_195327_s1.hifi_reads.bc2094.bam	PG21093.HFSS_m84046_230504_195327_s1	WGS	GENOMIC	size fractionation	single	PACBIO_SMRT	Revio	HiFi sequencing of 24kb fractionated gDNA	unaligned reads	Megaruptor 3	Pippin HT	v7.0.0	P1	C1	University of Washington	kmiyamot@uw.edu	bam	unaligned
SRR29483198	SRP305758	new	PRJNA701308	SAMN26267390	PacBio HiFi sequencing of HG04204	m84046_230623_213746_s2.hifi_reads.bc1003.bam	HG04204.HFSS_m84046_230623_213746_s2	WGS	GENOMIC	size fractionation	single	PACBIO_SMRT	Revio	HiFi sequencing of 24kb fractionated gDNA	unaligned reads	Megaruptor 3	Pippin HT	v7.0.0	P1	C1	University of Washington	kmiyamot@uw.edu	bam	unaligned
SRR29483196	SRP305758	new	PRJNA701308	SAMN33758797	PacBio HiFi sequencing of NA18747	m84046_230531_214232_s2.hifi_reads.bc2011.bam	PG18747_1.HFSS_m84046_230531_214232_s2	WGS	GENOMIC	size fractionation	single	PACBIO_SMRT	Revio	HiFi sequencing of 23kb fractionated gDNA	unaligned reads	Megaruptor 3	Pippin HT	v7.0.0	P1	C1	University of Washington	kmiyamot@uw.edu	bam	unaligned
SRR29483195	SRP305758	new	PRJNA701308	SAMN33758786	PacBio HiFi sequencing of HG02451	m84046_230720_185410_s2.hifi_reads.bc2006.bam	HG02451.HFSS3_m84046_230720_185410_s2	WGS	GENOMIC	size fractionation	single	PACBIO_SMRT	Revio	HiFi sequencing of 23kb fractionated gDNA	unaligned reads	Megaruptor 3	Pippin HT	v7.0.0	P1	C1	University of Washington	kmiyamot@uw.edu	bam	unaligned
SRR29483194	SRP305758	new	PRJNA701308	SAMN41021628	PacBio HiFi sequencing of HG03611	m84046_230502_210601_s4.hifi_reads.bc2095.bam	PG03611.HFSS_m84046_230502_210601_s4	WGS	GENOMIC	size fractionation	single	PACBIO_SMRT	Revio	HiFi sequencing of 27kb fractionated gDNA	unaligned reads	Megaruptor 3	Pippin HT	v7.0.0	P1	C1	University of Washington	kmiyamot@uw.edu	bam	unaligned
SRR29483193	SRP305758	new	PRJNA701308	SAMN41021628	PacBio HiFi sequencing of HG03611	m84046_230502_203455_s3.hifi_reads.bc2095.bam	PG03611.HFSS_m84046_230502_203455_s3	WGS	GENOMIC	size fractionation	single	PACBIO_SMRT	Revio	HiFi sequencing of 27kb fractionated gDNA	unaligned reads	Megaruptor 3	Pippin HT	v7.0.0	P1	C1	University of Washington	kmiyamot@uw.edu	bam	unaligned
SRR29483192	SRP305758	new	PRJNA701308	SAMN41021628	PacBio HiFi sequencing of HG03611	m84046_230428_224315_s2.hifi_reads.bc2095.bam	PG03611.HFSS_m84046_230428_224315_s2	WGS	GENOMIC	size fractionation	single	PACBIO_SMRT	Revio	HiFi sequencing of 27kb fractionated gDNA	unaligned reads	Megaruptor 3	Pippin HT	v7.0.0	P1	C1	University of Washington	kmiyamot@uw.edu	bam	unaligned
SRR29483191	SRP305758	new	PRJNA701308	SAMN41021628	PacBio HiFi sequencing of HG03611	m84046_230508_193709_s3.hifi_reads.bc2095.bam	PG03611.HFSS_m84046_230508_193709_s3	WGS	GENOMIC	size fractionation	single	PACBIO_SMRT	Revio	HiFi sequencing of 27kb fractionated gDNA	unaligned reads	Megaruptor 3	Pippin HT	v7.0.0	P1	C1	University of Washington	kmiyamot@uw.edu	bam	unaligned
SRR29483190	SRP305758	new	PRJNA701308	SAMN26267396	PacBio HiFi sequencing of HG02738	m84046_230623_213746_s2.hifi_reads.default.bam	HG02738.HFSS_m84046_230623_213746_s2	WGS	GENOMIC	size fractionation	single	PACBIO_SMRT	Revio	HiFi sequencing of 22kb fractionated gDNA	unaligned reads	Megaruptor 3	Pippin HT	v7.0.0	P1	C1	University of Washington	kmiyamot@uw.edu	bam	unaligned
SRR29483189	SRP305758	new	PRJNA701308	SAMN26267396	PacBio HiFi sequencing of HG02738	m84046_230628_182559_s4.hifi_reads.default.bam	HG02738.HFSS_m84046_230628_182559_s4	WGS	GENOMIC	size fractionation	single	PACBIO_SMRT	Revio	HiFi sequencing of 22kb fractionated gDNA	unaligned reads	Megaruptor 3	Pippin HT	v7.0.0	P1	C1	University of Washington	kmiyamot@uw.edu	bam	unaligned
SRR29483117	SRP305758	new	PRJNA701308	SAMN33758780	PacBio HiFi sequencing of HG00558	m84046_230602_213334_s2.hifi_reads.bc1016.bam	HG00558.HFSS_m84046_230602_213334_s2	WGS	GENOMIC	size fractionation	single	PACBIO_SMRT	Revio	HiFi sequencing of 24kb fractionated gDNA	unaligned reads	Megaruptor 3	Pippin HT	v7.0.0	P1	C1	University of Washington	kmiyamot@uw.edu	bam	unaligned
SRR29483116	SRP305758	new	PRJNA701308	SAMN33758780	PacBio HiFi sequencing of HG00558	m84046_230720_182350_s1.hifi_reads.bc2004.bam	HG00558.HFSS2_m84046_230720_182350_s1	WGS	GENOMIC	size fractionation	single	PACBIO_SMRT	Revio	HiFi sequencing of 27kb fractionated gDNA	unaligned reads	Megaruptor 3	Pippin HT	v7.0.0	P1	C1	University of Washington	kmiyamot@uw.edu	bam	unaligned
SRR29483184	SRP305758	new	PRJNA701308	SAMN33758780	PacBio HiFi sequencing of HG00558	m84046_230519_231055_s2.hifi_reads.bc1016.bam	HG00558.HFSS_m84046_230519_231055_s2	WGS	GENOMIC	size fractionation	single	PACBIO_SMRT	Revio	HiFi sequencing of 24kb fractionated gDNA	unaligned reads	Megaruptor 3	Pippin HT	v7.0.0	P1	C1	University of Washington	kmiyamot@uw.edu	bam	unaligned
SRR29483183	SRP305758	new	PRJNA701308	SAMN33758780	PacBio HiFi sequencing of HG00558	m84046_230623_210640_s1.hifi_reads.bc1016.bam	HG00558.HFSS_m84046_230623_210640_s1	WGS	GENOMIC	size fractionation	single	PACBIO_SMRT	Revio	HiFi sequencing of 24kb fractionated gDNA	unaligned reads	Megaruptor 3	Pippin HT	v7.0.0	P1	C1	University of Washington	kmiyamot@uw.edu	bam	unaligned
SRR29483182	SRP305758	new	PRJNA701308	SAMN26267381	PacBio HiFi sequencing of HG02074	m84046_230624_204605_s4.hifi_reads.default.bam	HG02074.HFSSb_m84046_230624_204605_s4	WGS	GENOMIC	size fractionation	single	PACBIO_SMRT	Revio	HiFi sequencing of 24kb fractionated gDNA	unaligned reads	Megaruptor 3	Pippin HT	v7.0.0	P1	C1	University of Washington	kmiyamot@uw.edu	bam	unaligned
SRR29483181	SRP305758	new	PRJNA701308	SAMN41021676	PacBio HiFi sequencing of HG00258	m84046_230728_232723_s1.hifi_reads.bc2096.bam	PG00258.HFSS_m84046_230728_232723_s1	WGS	GENOMIC	size fractionation	single	PACBIO_SMRT	Revio	HiFi sequencing of 22kb fractionated gDNA	unaligned reads	Megaruptor 3	Pippin HT	v7.0.0	P1	C1	University of Washington	kmiyamot@uw.edu	bam	unaligned
SRR29483180	SRP305758	new	PRJNA701308	SAMN41021676	PacBio HiFi sequencing of HG00258	m84046_230724_190043_s1.hifi_reads.bc2096.bam	PG00258.HFSS_m84046_230724_190043_s1	WGS	GENOMIC	size fractionation	single	PACBIO_SMRT	Revio	HiFi sequencing of 22kb fractionated gDNA	unaligned reads	Megaruptor 3	Pippin HT	v7.0.0	P1	C1	University of Washington	kmiyamot@uw.edu	bam	unaligned
SRR29483179	SRP305758	new	PRJNA701308	SAMN41021676	PacBio HiFi sequencing of HG00258	m84046_230724_193107_s2.hifi_reads.bc2096.bam	PG00258.HFSS_m84046_230724_193107_s2	WGS	GENOMIC	size fractionation	single	PACBIO_SMRT	Revio	HiFi sequencing of 22kb fractionated gDNA	unaligned reads	Megaruptor 3	Pippin HT	v7.0.0	P1	C1	University of Washington	kmiyamot@uw.edu	bam	unaligned
SRR29483178	SRP305758	new	PRJNA701308	SAMN41021676	PacBio HiFi sequencing of HG00258	m84046_230724_200213_s3.hifi_reads.bc2096.bam	PG00258.HFSS_m84046_230724_200213_s3	WGS	GENOMIC	size fractionation	single	PACBIO_SMRT	Revio	HiFi sequencing of 22kb fractionated gDNA	unaligned reads	Megaruptor 3	Pippin HT	v7.0.0	P1	C1	University of Washington	kmiyamot@uw.edu	bam	unaligned
SRR29483177	SRP305758	new	PRJNA701308	SAMN26267386	PacBio HiFi sequencing of HG03927	m84046_230628_213236_s2.hifi_reads.default.bam	HG03927.HFSS_m84046_230628_213236_s2	WGS	GENOMIC	size fractionation	single	PACBIO_SMRT	Revio	HiFi sequencing of 22kb fractionated gDNA	unaligned reads	Megaruptor 3	Pippin HT	v7.0.0	P1	C1	University of Washington	kmiyamot@uw.edu	bam	unaligned
SRR29483176	SRP305758	new	PRJNA701308	SAMN33758778	PacBio HiFi sequencing of HG00099	m84046_230517_211630_s4.hifi_reads.bc2012.bam	PG00099_1.HFSS_m84046_230517_211630_s4	WGS	GENOMIC	size fractionation	single	PACBIO_SMRT	Revio	HiFi sequencing of 23kb fractionated gDNA	unaligned reads	Megaruptor 3	Pippin HT	v7.0.0	P1	C1	University of Washington	kmiyamot@uw.edu	bam	unaligned
SRR29483127	SRP305758	new	PRJNA701308	SAMN41021686	PacBio HiFi sequencing of HG03103	m84046_230831_231439_s1.hifi_reads.bc2033.bam	PG03103.HFSS_m84046_230831_231439_s1	WGS	GENOMIC	size fractionation	single	PACBIO_SMRT	Revio	HiFi sequencing of 21kb fractionated gDNA	unaligned reads	Megaruptor 3	Pippin HT	v7.0.0	P1	C1	University of Washington	kmiyamot@uw.edu	bam	unaligned
SRR29483125	SRP305758	new	PRJNA701308	SAMN41021686	PacBio HiFi sequencing of HG03103	m84046_230905_231311_s2.hifi_reads.bc2033.bam	PG03103.HFSS_m84046_230905_231311_s2	WGS	GENOMIC	size fractionation	single	PACBIO_SMRT	Revio	HiFi sequencing of 21kb fractionated gDNA	unaligned reads	Megaruptor 3	Pippin HT	v7.0.0	P1	C1	University of Washington	kmiyamot@uw.edu	bam	unaligned
SRR29483124	SRP305758	new	PRJNA701308	SAMN41021686	PacBio HiFi sequencing of HG03103	m84046_230831_234545_s2.hifi_reads.bc2033.bam	PG03103.HFSS_m84046_230831_234545_s2	WGS	GENOMIC	size fractionation	single	PACBIO_SMRT	Revio	HiFi sequencing of 21kb fractionated gDNA	unaligned reads	Megaruptor 3	Pippin HT	v7.0.0	P1	C1	University of Washington	kmiyamot@uw.edu	bam	unaligned
