file,Cell_Type,site,file,SMRT_Cell_ID_1,SMRT_Cell_ID_2,Platform_Unit_1,Platform_Unit_2,Barcode,Binding_Kit,Sequencing_Kit,SMRT_Cell_Kit,Basecalling_Version,Platform,Instrument_Model,Library,Sample,Run_ID,ccs_Version,pbtrim_Version,jasmine_Version,lima_Version,refine_Version,Polymerase_Version,Chemistry_Version,pool,barcode,pool_barcode,sampleID,new_filename,score,similarity,FLNC Read Count,check-FLNC Reads
s3://human-pangenomics/working/HPRC/HG00423/raw_data/PacBio_Kinnex/HG00423.lymph.m84046_240713_051553_s2.flnc.bam,lymph,UW,flnc-1.bam,EA101380,NA,m84046_240713_051553_s2,NA,bc01,102-739-100,102-118-800,102-202-200,5,PACBIO,REVIO,HPRC_Pool001.KN,BioSample_1,r84046_20240713_050751,8.0.1,1.1.0,2.2.1,2.10.0,4.1.2,P1,C1,HPRC_Pool001.KN,bc01,HPRC_Pool001.KN_bc01,HG00423,HG00423.lymph.m84046_240713_051553_s2.flnc.bam,0.183349,1,"5,805,662",TRUE
s3://human-pangenomics/working/HPRC/HG02132/raw_data/PacBio_Kinnex/HG02132.lymph.m84046_240713_051553_s2.flnc.bam,lymph,UW,flnc-2.bam,EA101380,NA,m84046_240713_051553_s2,NA,bc02,102-739-100,102-118-800,102-202-200,5,PACBIO,REVIO,HPRC_Pool001.KN,BioSample_2,r84046_20240713_050751,8.0.1,1.1.0,2.2.1,2.10.0,4.1.2,P1,C1,HPRC_Pool001.KN,bc02,HPRC_Pool001.KN_bc02,HG02132,HG02132.lymph.m84046_240713_051553_s2.flnc.bam,0.189659,1,"6,399,154",TRUE
s3://human-pangenomics/working/HPRC/HG00735/raw_data/PacBio_Kinnex/HG00735.lymph.m84046_240713_051553_s2.flnc.bam,lymph,UW,flnc-3.bam,EA101380,NA,m84046_240713_051553_s2,NA,bc03,102-739-100,102-118-800,102-202-200,5,PACBIO,REVIO,HPRC_Pool001.KN,BioSample_3,r84046_20240713_050751,8.0.1,1.1.0,2.2.1,2.10.0,4.1.2,P1,C1,HPRC_Pool001.KN,bc03,HPRC_Pool001.KN_bc03,HG00735,HG00735.lymph.m84046_240713_051553_s2.flnc.bam,0.205716,1,"5,819,419",TRUE
s3://human-pangenomics/working/HPRC/HG02148/raw_data/PacBio_Kinnex/HG02148.lymph.m84046_240713_051553_s2.flnc.bam,lymph,UW,flnc-4.bam,EA101380,NA,m84046_240713_051553_s2,NA,bc04,102-739-100,102-118-800,102-202-200,5,PACBIO,REVIO,HPRC_Pool001.KN,BioSample_4,r84046_20240713_050751,8.0.1,1.1.0,2.2.1,2.10.0,4.1.2,P1,C1,HPRC_Pool001.KN,bc04,HPRC_Pool001.KN_bc04,HG02148,HG02148.lymph.m84046_240713_051553_s2.flnc.bam,0.175361,1,"5,271,716",TRUE
s3://human-pangenomics/working/HPRC/HG03579/raw_data/PacBio_Kinnex/HG03579.lymph.m84046_240713_051553_s2.flnc.bam,lymph,UW,flnc-5.bam,EA101380,NA,m84046_240713_051553_s2,NA,bc05,102-739-100,102-118-800,102-202-200,5,PACBIO,REVIO,HPRC_Pool001.KN,BioSample_5,r84046_20240713_050751,8.0.1,1.1.0,2.2.1,2.10.0,4.1.2,P1,C1,HPRC_Pool001.KN,bc05,HPRC_Pool001.KN_bc05,HG03579,HG03579.lymph.m84046_240713_051553_s2.flnc.bam,0.178394,1,"5,273,930",TRUE
s3://human-pangenomics/working/HPRC/HG02027/raw_data/PacBio_Kinnex/HG02027.lymph.m84046_240713_051553_s2.flnc.bam,lymph,UW,flnc-6.bam,EA101380,NA,m84046_240713_051553_s2,NA,bc06,102-739-100,102-118-800,102-202-200,5,PACBIO,REVIO,HPRC_Pool001.KN,BioSample_6,r84046_20240713_050751,8.0.1,1.1.0,2.2.1,2.10.0,4.1.2,P1,C1,HPRC_Pool001.KN,bc06,HPRC_Pool001.KN_bc06,HG02027,HG02027.lymph.m84046_240713_051553_s2.flnc.bam,0.178678,1,"5,600,881",TRUE
s3://human-pangenomics/working/HPRC/HG02074/raw_data/PacBio_Kinnex/HG02074.lymph.m84046_240713_051553_s2.flnc.bam,lymph,UW,flnc-7.bam,EA101380,NA,m84046_240713_051553_s2,NA,bc07,102-739-100,102-118-800,102-202-200,5,PACBIO,REVIO,HPRC_Pool001.KN,BioSample_7,r84046_20240713_050751,8.0.1,1.1.0,2.2.1,2.10.0,4.1.2,P1,C1,HPRC_Pool001.KN,bc07,HPRC_Pool001.KN_bc07,HG02074,HG02074.lymph.m84046_240713_051553_s2.flnc.bam,0.175062,1,"5,535,067",TRUE
s3://human-pangenomics/working/HPRC/HG00673/raw_data/PacBio_Kinnex/HG00673.lymph.m84046_240713_051553_s2.flnc.bam,lymph,UW,flnc-8.bam,EA101380,NA,m84046_240713_051553_s2,NA,bc08,102-739-100,102-118-800,102-202-200,5,PACBIO,REVIO,HPRC_Pool001.KN,BioSample_8,r84046_20240713_050751,8.0.1,1.1.0,2.2.1,2.10.0,4.1.2,P1,C1,HPRC_Pool001.KN,bc08,HPRC_Pool001.KN_bc08,HG00673,HG00673.lymph.m84046_240713_051553_s2.flnc.bam,0.196727,1,"4,903,874",TRUE
s3://human-pangenomics/working/HPRC/HG00423/raw_data/PacBio_Kinnex/HG00423.lymph.m84046_240722_012946_s4.flnc.bam,lymph,UW,flnc-1.bam,EA101357,NA,m84046_240722_012946_s4,NA,bc01,102-739-100,102-118-800,102-202-200,5,PACBIO,REVIO,HPRC_Pool001.KN,BioSample_1,r84046_20240721_192140,8.0.1,1.1.0,2.2.1,2.10.0,4.1.2,P1,C1,HPRC_Pool001.KN,bc01,HPRC_Pool001.KN_bc01,HG00423,HG00423.lymph.m84046_240722_012946_s4.flnc.bam,0.177367,1,"5,805,662",TRUE
s3://human-pangenomics/working/HPRC/HG02132/raw_data/PacBio_Kinnex/HG02132.lymph.m84046_240722_012946_s4.flnc.bam,lymph,UW,flnc-2.bam,EA101357,NA,m84046_240722_012946_s4,NA,bc02,102-739-100,102-118-800,102-202-200,5,PACBIO,REVIO,HPRC_Pool001.KN,BioSample_2,r84046_20240721_192140,8.0.1,1.1.0,2.2.1,2.10.0,4.1.2,P1,C1,HPRC_Pool001.KN,bc02,HPRC_Pool001.KN_bc02,HG02132,HG02132.lymph.m84046_240722_012946_s4.flnc.bam,0.196468,1,"6,399,154",TRUE
s3://human-pangenomics/working/HPRC/HG00735/raw_data/PacBio_Kinnex/HG00735.lymph.m84046_240722_012946_s4.flnc.bam,lymph,UW,flnc-3.bam,EA101357,NA,m84046_240722_012946_s4,NA,bc03,102-739-100,102-118-800,102-202-200,5,PACBIO,REVIO,HPRC_Pool001.KN,BioSample_3,r84046_20240721_192140,8.0.1,1.1.0,2.2.1,2.10.0,4.1.2,P1,C1,HPRC_Pool001.KN,bc03,HPRC_Pool001.KN_bc03,HG00735,HG00735.lymph.m84046_240722_012946_s4.flnc.bam,0.200453,1,"5,819,419",TRUE
s3://human-pangenomics/working/HPRC/HG02148/raw_data/PacBio_Kinnex/HG02148.lymph.m84046_240722_012946_s4.flnc.bam,lymph,UW,flnc-4.bam,EA101357,NA,m84046_240722_012946_s4,NA,bc04,102-739-100,102-118-800,102-202-200,5,PACBIO,REVIO,HPRC_Pool001.KN,BioSample_4,r84046_20240721_192140,8.0.1,1.1.0,2.2.1,2.10.0,4.1.2,P1,C1,HPRC_Pool001.KN,bc04,HPRC_Pool001.KN_bc04,HG02148,HG02148.lymph.m84046_240722_012946_s4.flnc.bam,0.178815,1,"5,271,716",TRUE
s3://human-pangenomics/working/HPRC/HG03579/raw_data/PacBio_Kinnex/HG03579.lymph.m84046_240722_012946_s4.flnc.bam,lymph,UW,flnc-5.bam,EA101357,NA,m84046_240722_012946_s4,NA,bc05,102-739-100,102-118-800,102-202-200,5,PACBIO,REVIO,HPRC_Pool001.KN,BioSample_5,r84046_20240721_192140,8.0.1,1.1.0,2.2.1,2.10.0,4.1.2,P1,C1,HPRC_Pool001.KN,bc05,HPRC_Pool001.KN_bc05,HG03579,HG03579.lymph.m84046_240722_012946_s4.flnc.bam,0.1726,1,"5,273,930",TRUE
s3://human-pangenomics/working/HPRC/HG02027/raw_data/PacBio_Kinnex/HG02027.lymph.m84046_240722_012946_s4.flnc.bam,lymph,UW,flnc-6.bam,EA101357,NA,m84046_240722_012946_s4,NA,bc06,102-739-100,102-118-800,102-202-200,5,PACBIO,REVIO,HPRC_Pool001.KN,BioSample_6,r84046_20240721_192140,8.0.1,1.1.0,2.2.1,2.10.0,4.1.2,P1,C1,HPRC_Pool001.KN,bc06,HPRC_Pool001.KN_bc06,HG02027,HG02027.lymph.m84046_240722_012946_s4.flnc.bam,0.171512,1,"5,600,881",TRUE
s3://human-pangenomics/working/HPRC/HG02074/raw_data/PacBio_Kinnex/HG02074.lymph.m84046_240722_012946_s4.flnc.bam,lymph,UW,flnc-7.bam,EA101357,NA,m84046_240722_012946_s4,NA,bc07,102-739-100,102-118-800,102-202-200,5,PACBIO,REVIO,HPRC_Pool001.KN,BioSample_7,r84046_20240721_192140,8.0.1,1.1.0,2.2.1,2.10.0,4.1.2,P1,C1,HPRC_Pool001.KN,bc07,HPRC_Pool001.KN_bc07,HG02074,HG02074.lymph.m84046_240722_012946_s4.flnc.bam,0.170779,1,"5,535,067",TRUE
s3://human-pangenomics/working/HPRC/HG00673/raw_data/PacBio_Kinnex/HG00673.lymph.m84046_240722_012946_s4.flnc.bam,lymph,UW,flnc-8.bam,EA101357,NA,m84046_240722_012946_s4,NA,bc08,102-739-100,102-118-800,102-202-200,5,PACBIO,REVIO,HPRC_Pool001.KN,BioSample_8,r84046_20240721_192140,8.0.1,1.1.0,2.2.1,2.10.0,4.1.2,P1,C1,HPRC_Pool001.KN,bc08,HPRC_Pool001.KN_bc08,HG00673,HG00673.lymph.m84046_240722_012946_s4.flnc.bam,0.197161,1,"4,903,874",TRUE
s3://human-pangenomics/working/HPRC/HG01106/raw_data/PacBio_Kinnex/HG01106.lymph.m84046_240713_071511_s3.flnc.bam,lymph,UW,flnc-1.bam,EA101359,NA,m84046_240713_071511_s3,NA,bc01,102-739-100,102-118-800,102-202-200,5,PACBIO,REVIO,HPRC_Pool002.KN,BioSample_1,r84046_20240713_050751,8.0.1,1.1.0,2.2.1,2.10.0,4.1.2,P1,C1,HPRC_Pool002.KN,bc01,HPRC_Pool002.KN_bc01,HG01106,HG01106.lymph.m84046_240713_071511_s3.flnc.bam,0.203105,1,"8,007,235",TRUE
s3://human-pangenomics/working/HPRC/HG01175/raw_data/PacBio_Kinnex/HG01175.lymph.m84046_240713_071511_s3.flnc.bam,lymph,UW,flnc-2.bam,EA101359,NA,m84046_240713_071511_s3,NA,bc02,102-739-100,102-118-800,102-202-200,5,PACBIO,REVIO,HPRC_Pool002.KN,BioSample_2,r84046_20240713_050751,8.0.1,1.1.0,2.2.1,2.10.0,4.1.2,P1,C1,HPRC_Pool002.KN,bc02,HPRC_Pool002.KN_bc02,HG01175,HG01175.lymph.m84046_240713_071511_s3.flnc.bam,0.201113,1,"8,214,305",TRUE
s3://human-pangenomics/working/HPRC/HG00741/raw_data/PacBio_Kinnex/HG00741.lymph.m84046_240713_071511_s3.flnc.bam,lymph,UW,flnc-3.bam,EA101359,NA,m84046_240713_071511_s3,NA,bc03,102-739-100,102-118-800,102-202-200,5,PACBIO,REVIO,HPRC_Pool002.KN,BioSample_3,r84046_20240713_050751,8.0.1,1.1.0,2.2.1,2.10.0,4.1.2,P1,C1,HPRC_Pool002.KN,bc03,HPRC_Pool002.KN_bc03,HG00741,HG00741.lymph.m84046_240713_071511_s3.flnc.bam,0.22742,1,"5,135,903",TRUE
s3://human-pangenomics/working/HPRC/HG01071/raw_data/PacBio_Kinnex/HG01071.lymph.m84046_240713_071511_s3.flnc.bam,lymph,UW,flnc-4.bam,EA101359,NA,m84046_240713_071511_s3,NA,bc04,102-739-100,102-118-800,102-202-200,5,PACBIO,REVIO,HPRC_Pool002.KN,BioSample_4,r84046_20240713_050751,8.0.1,1.1.0,2.2.1,2.10.0,4.1.2,P1,C1,HPRC_Pool002.KN,bc04,HPRC_Pool002.KN_bc04,HG01071,HG01071.lymph.m84046_240713_071511_s3.flnc.bam,0.197911,1,"7,480,219",TRUE
s3://human-pangenomics/working/HPRC/HG01978/raw_data/PacBio_Kinnex/HG01978.lymph.m84046_240713_071511_s3.flnc.bam,lymph,UW,flnc-6.bam,EA101359,NA,m84046_240713_071511_s3,NA,bc10,102-739-100,102-118-800,102-202-200,5,PACBIO,REVIO,HPRC_Pool002.KN,BioSample_6,r84046_20240713_050751,8.0.1,1.1.0,2.2.1,2.10.0,4.1.2,P1,C1,HPRC_Pool002.KN,bc10,HPRC_Pool002.KN_bc10,HG01978,HG01978.lymph.m84046_240713_071511_s3.flnc.bam,0.186136,1,"7,723,751",TRUE
s3://human-pangenomics/working/HPRC/HG01928/raw_data/PacBio_Kinnex/HG01928.lymph.m84046_240713_071511_s3.flnc.bam,lymph,UW,flnc-7.bam,EA101359,NA,m84046_240713_071511_s3,NA,bc11,102-739-100,102-118-800,102-202-200,5,PACBIO,REVIO,HPRC_Pool002.KN,BioSample_7,r84046_20240713_050751,8.0.1,1.1.0,2.2.1,2.10.0,4.1.2,P1,C1,HPRC_Pool002.KN,bc11,HPRC_Pool002.KN_bc11,HG01928,HG01928.lymph.m84046_240713_071511_s3.flnc.bam,0.156815,1,"7,276,818",TRUE
s3://human-pangenomics/working/HPRC/HG01952/raw_data/PacBio_Kinnex/HG01952.lymph.m84046_240713_071511_s3.flnc.bam,lymph,UW,flnc-8.bam,EA101359,NA,m84046_240713_071511_s3,NA,bc12,102-739-100,102-118-800,102-202-200,5,PACBIO,REVIO,HPRC_Pool002.KN,BioSample_8,r84046_20240713_050751,8.0.1,1.1.0,2.2.1,2.10.0,4.1.2,P1,C1,HPRC_Pool002.KN,bc12,HPRC_Pool002.KN_bc12,HG01952,HG01952.lymph.m84046_240713_071511_s3.flnc.bam,0.175432,1,"7,805,857",TRUE
s3://human-pangenomics/working/HPRC/HG01106/raw_data/PacBio_Kinnex/HG01106.lymph.m84046_240717_105141_s2.flnc.bam,lymph,UW,flnc-1.bam,EA101413,NA,m84046_240717_105141_s2,NA,bc01,102-739-100,102-118-800,102-202-200,5,PACBIO,REVIO,HPRC_Pool002.KN,BioSample_1,r84046_20240715_232349,8.0.1,1.1.0,2.2.1,2.10.0,4.1.2,P1,C1,HPRC_Pool002.KN,bc01,HPRC_Pool002.KN_bc01,HG01106,HG01106.lymph.m84046_240717_105141_s2.flnc.bam,0.206905,1,"8,007,235",TRUE
s3://human-pangenomics/working/HPRC/HG01175/raw_data/PacBio_Kinnex/HG01175.lymph.m84046_240717_105141_s2.flnc.bam,lymph,UW,flnc-2.bam,EA101413,NA,m84046_240717_105141_s2,NA,bc02,102-739-100,102-118-800,102-202-200,5,PACBIO,REVIO,HPRC_Pool002.KN,BioSample_2,r84046_20240715_232349,8.0.1,1.1.0,2.2.1,2.10.0,4.1.2,P1,C1,HPRC_Pool002.KN,bc02,HPRC_Pool002.KN_bc02,HG01175,HG01175.lymph.m84046_240717_105141_s2.flnc.bam,0.202408,1,"8,214,305",TRUE
s3://human-pangenomics/working/HPRC/HG00741/raw_data/PacBio_Kinnex/HG00741.lymph.m84046_240717_105141_s2.flnc.bam,lymph,UW,flnc-3.bam,EA101413,NA,m84046_240717_105141_s2,NA,bc03,102-739-100,102-118-800,102-202-200,5,PACBIO,REVIO,HPRC_Pool002.KN,BioSample_3,r84046_20240715_232349,8.0.1,1.1.0,2.2.1,2.10.0,4.1.2,P1,C1,HPRC_Pool002.KN,bc03,HPRC_Pool002.KN_bc03,HG00741,HG00741.lymph.m84046_240717_105141_s2.flnc.bam,0.239632,1,"5,135,903",TRUE
s3://human-pangenomics/working/HPRC/HG01071/raw_data/PacBio_Kinnex/HG01071.lymph.m84046_240717_105141_s2.flnc.bam,lymph,UW,flnc-4.bam,EA101413,NA,m84046_240717_105141_s2,NA,bc04,102-739-100,102-118-800,102-202-200,5,PACBIO,REVIO,HPRC_Pool002.KN,BioSample_4,r84046_20240715_232349,8.0.1,1.1.0,2.2.1,2.10.0,4.1.2,P1,C1,HPRC_Pool002.KN,bc04,HPRC_Pool002.KN_bc04,HG01071,HG01071.lymph.m84046_240717_105141_s2.flnc.bam,0.208254,1,"7,480,219",TRUE
s3://human-pangenomics/working/HPRC/HG01978/raw_data/PacBio_Kinnex/HG01978.lymph.m84046_240717_105141_s2.flnc.bam,lymph,UW,flnc-6.bam,EA101413,NA,m84046_240717_105141_s2,NA,bc10,102-739-100,102-118-800,102-202-200,5,PACBIO,REVIO,HPRC_Pool002.KN,BioSample_6,r84046_20240715_232349,8.0.1,1.1.0,2.2.1,2.10.0,4.1.2,P1,C1,HPRC_Pool002.KN,bc10,HPRC_Pool002.KN_bc10,HG01978,HG01978.lymph.m84046_240717_105141_s2.flnc.bam,0.185434,1,"7,723,751",TRUE
s3://human-pangenomics/working/HPRC/HG01928/raw_data/PacBio_Kinnex/HG01928.lymph.m84046_240717_105141_s2.flnc.bam,lymph,UW,flnc-7.bam,EA101413,NA,m84046_240717_105141_s2,NA,bc11,102-739-100,102-118-800,102-202-200,5,PACBIO,REVIO,HPRC_Pool002.KN,BioSample_7,r84046_20240715_232349,8.0.1,1.1.0,2.2.1,2.10.0,4.1.2,P1,C1,HPRC_Pool002.KN,bc11,HPRC_Pool002.KN_bc11,HG01928,HG01928.lymph.m84046_240717_105141_s2.flnc.bam,0.159928,1,"7,276,818",TRUE
s3://human-pangenomics/working/HPRC/HG01952/raw_data/PacBio_Kinnex/HG01952.lymph.m84046_240717_105141_s2.flnc.bam,lymph,UW,flnc-8.bam,EA101413,NA,m84046_240717_105141_s2,NA,bc12,102-739-100,102-118-800,102-202-200,5,PACBIO,REVIO,HPRC_Pool002.KN,BioSample_8,r84046_20240715_232349,8.0.1,1.1.0,2.2.1,2.10.0,4.1.2,P1,C1,HPRC_Pool002.KN,bc12,HPRC_Pool002.KN_bc12,HG01952,HG01952.lymph.m84046_240717_105141_s2.flnc.bam,0.171525,1,"7,805,857",TRUE
s3://human-pangenomics/working/HPRC/HG00621/raw_data/PacBio_Kinnex/HG00621.lymph.m84046_240713_091428_s4.flnc.bam,lymph,UW,flnc-1.bam,EA101356,NA,m84046_240713_091428_s4,NA,bc05,102-739-100,102-118-800,102-202-200,5,PACBIO,REVIO,HPRC_Pool003.KN,BioSample_1,r84046_20240713_050751,8.0.1,1.1.0,2.2.1,2.10.0,4.1.2,P1,C1,HPRC_Pool003.KN,bc05,HPRC_Pool003.KN_bc05,HG00621,HG00621.lymph.m84046_240713_091428_s4.flnc.bam,0.172991,1,"7,005,843",TRUE
s3://human-pangenomics/working/HPRC/HG00438/raw_data/PacBio_Kinnex/HG00438.lymph.m84046_240713_091428_s4.flnc.bam,lymph,UW,flnc-2.bam,EA101356,NA,m84046_240713_091428_s4,NA,bc06,102-739-100,102-118-800,102-202-200,5,PACBIO,REVIO,HPRC_Pool003.KN,BioSample_2,r84046_20240713_050751,8.0.1,1.1.0,2.2.1,2.10.0,4.1.2,P1,C1,HPRC_Pool003.KN,bc06,HPRC_Pool003.KN_bc06,HG00438,HG00438.lymph.m84046_240713_091428_s4.flnc.bam,0.161663,1,"6,425,109",TRUE
s3://human-pangenomics/working/HPRC/HG02083/raw_data/PacBio_Kinnex/HG02083.lymph.m84046_240713_091428_s4.flnc.bam,lymph,UW,flnc-3.bam,EA101356,NA,m84046_240713_091428_s4,NA,bc07,102-739-100,102-118-800,102-202-200,5,PACBIO,REVIO,HPRC_Pool003.KN,BioSample_3,r84046_20240713_050751,8.0.1,1.1.0,2.2.1,2.10.0,4.1.2,P1,C1,HPRC_Pool003.KN,bc07,HPRC_Pool003.KN_bc07,HG02083,HG02083.lymph.m84046_240713_091428_s4.flnc.bam,0.172237,1,"6,394,842",TRUE
s3://human-pangenomics/working/HPRC/HG02523/raw_data/PacBio_Kinnex/HG02523.lymph.m84046_240713_091428_s4.flnc.bam,lymph,UW,flnc-4.bam,EA101356,NA,m84046_240713_091428_s4,NA,bc08,102-739-100,102-118-800,102-202-200,5,PACBIO,REVIO,HPRC_Pool003.KN,BioSample_4,r84046_20240713_050751,8.0.1,1.1.0,2.2.1,2.10.0,4.1.2,P1,C1,HPRC_Pool003.KN,bc08,HPRC_Pool003.KN_bc08,HG02523,HG02523.lymph.m84046_240713_091428_s4.flnc.bam,0.18626,1,"6,778,056",TRUE
s3://human-pangenomics/working/HPRC/HG02135/raw_data/PacBio_Kinnex/HG02135.lymph.m84046_240713_091428_s4.flnc.bam,lymph,UW,flnc-5.bam,EA101356,NA,m84046_240713_091428_s4,NA,bc09,102-739-100,102-118-800,102-202-200,5,PACBIO,REVIO,HPRC_Pool003.KN,BioSample_5,r84046_20240713_050751,8.0.1,1.1.0,2.2.1,2.10.0,4.1.2,P1,C1,HPRC_Pool003.KN,bc09,HPRC_Pool003.KN_bc09,HG02135,HG02135.lymph.m84046_240713_091428_s4.flnc.bam,0.185904,1,"6,529,494",TRUE
s3://human-pangenomics/working/HPRC/HG02071/raw_data/PacBio_Kinnex/HG02071.lymph.m84046_240713_091428_s4.flnc.bam,lymph,UW,flnc-6.bam,EA101356,NA,m84046_240713_091428_s4,NA,bc10,102-739-100,102-118-800,102-202-200,5,PACBIO,REVIO,HPRC_Pool003.KN,BioSample_6,r84046_20240713_050751,8.0.1,1.1.0,2.2.1,2.10.0,4.1.2,P1,C1,HPRC_Pool003.KN,bc10,HPRC_Pool003.KN_bc10,HG02071,HG02071.lymph.m84046_240713_091428_s4.flnc.bam,0.187661,1,"6,651,858",TRUE
s3://human-pangenomics/working/HPRC/HG03942/raw_data/PacBio_Kinnex/HG03942.lymph.m84046_240713_091428_s4.flnc.bam,lymph,UW,flnc-7.bam,EA101356,NA,m84046_240713_091428_s4,NA,bc11,102-739-100,102-118-800,102-202-200,5,PACBIO,REVIO,HPRC_Pool003.KN,BioSample_7,r84046_20240713_050751,8.0.1,1.1.0,2.2.1,2.10.0,4.1.2,P1,C1,HPRC_Pool003.KN,bc11,HPRC_Pool003.KN_bc11,HG03942,HG03942.lymph.m84046_240713_091428_s4.flnc.bam,0.219996,1,"6,555,713",TRUE
s3://human-pangenomics/working/HPRC/HG04187/raw_data/PacBio_Kinnex/HG04187.lymph.m84046_240713_091428_s4.flnc.bam,lymph,UW,flnc-8.bam,EA101356,NA,m84046_240713_091428_s4,NA,bc12,102-739-100,102-118-800,102-202-200,5,PACBIO,REVIO,HPRC_Pool003.KN,BioSample_8,r84046_20240713_050751,8.0.1,1.1.0,2.2.1,2.10.0,4.1.2,P1,C1,HPRC_Pool003.KN,bc12,HPRC_Pool003.KN_bc12,HG04187,HG04187.lymph.m84046_240713_091428_s4.flnc.bam,0.200776,1,"6,438,964",TRUE
s3://human-pangenomics/working/HPRC/HG00621/raw_data/PacBio_Kinnex/HG00621.lymph.m84046_240717_125059_s3.flnc.bam,lymph,UW,flnc-1.bam,EA101358,NA,m84046_240717_125059_s3,NA,bc05,102-739-100,102-118-800,102-202-200,5,PACBIO,REVIO,HPRC_Pool003.KN,BioSample_1,r84046_20240715_232349,8.0.1,1.1.0,2.2.1,2.10.0,4.1.2,P1,C1,HPRC_Pool003.KN,bc05,HPRC_Pool003.KN_bc05,HG00621,HG00621.lymph.m84046_240717_125059_s3.flnc.bam,0.170832,1,"7,005,843",TRUE
s3://human-pangenomics/working/HPRC/HG00438/raw_data/PacBio_Kinnex/HG00438.lymph.m84046_240717_125059_s3.flnc.bam,lymph,UW,flnc-2.bam,EA101358,NA,m84046_240717_125059_s3,NA,bc06,102-739-100,102-118-800,102-202-200,5,PACBIO,REVIO,HPRC_Pool003.KN,BioSample_2,r84046_20240715_232349,8.0.1,1.1.0,2.2.1,2.10.0,4.1.2,P1,C1,HPRC_Pool003.KN,bc06,HPRC_Pool003.KN_bc06,HG00438,HG00438.lymph.m84046_240717_125059_s3.flnc.bam,0.157445,1,"6,425,109",TRUE
s3://human-pangenomics/working/HPRC/HG02083/raw_data/PacBio_Kinnex/HG02083.lymph.m84046_240717_125059_s3.flnc.bam,lymph,UW,flnc-3.bam,EA101358,NA,m84046_240717_125059_s3,NA,bc07,102-739-100,102-118-800,102-202-200,5,PACBIO,REVIO,HPRC_Pool003.KN,BioSample_3,r84046_20240715_232349,8.0.1,1.1.0,2.2.1,2.10.0,4.1.2,P1,C1,HPRC_Pool003.KN,bc07,HPRC_Pool003.KN_bc07,HG02083,HG02083.lymph.m84046_240717_125059_s3.flnc.bam,0.160398,1,"6,394,842",TRUE
s3://human-pangenomics/working/HPRC/HG02523/raw_data/PacBio_Kinnex/HG02523.lymph.m84046_240717_125059_s3.flnc.bam,lymph,UW,flnc-4.bam,EA101358,NA,m84046_240717_125059_s3,NA,bc08,102-739-100,102-118-800,102-202-200,5,PACBIO,REVIO,HPRC_Pool003.KN,BioSample_4,r84046_20240715_232349,8.0.1,1.1.0,2.2.1,2.10.0,4.1.2,P1,C1,HPRC_Pool003.KN,bc08,HPRC_Pool003.KN_bc08,HG02523,HG02523.lymph.m84046_240717_125059_s3.flnc.bam,0.192326,1,"6,778,056",TRUE
s3://human-pangenomics/working/HPRC/HG02135/raw_data/PacBio_Kinnex/HG02135.lymph.m84046_240717_125059_s3.flnc.bam,lymph,UW,flnc-5.bam,EA101358,NA,m84046_240717_125059_s3,NA,bc09,102-739-100,102-118-800,102-202-200,5,PACBIO,REVIO,HPRC_Pool003.KN,BioSample_5,r84046_20240715_232349,8.0.1,1.1.0,2.2.1,2.10.0,4.1.2,P1,C1,HPRC_Pool003.KN,bc09,HPRC_Pool003.KN_bc09,HG02135,HG02135.lymph.m84046_240717_125059_s3.flnc.bam,0.176736,1,"6,529,494",TRUE
s3://human-pangenomics/working/HPRC/HG02071/raw_data/PacBio_Kinnex/HG02071.lymph.m84046_240717_125059_s3.flnc.bam,lymph,UW,flnc-6.bam,EA101358,NA,m84046_240717_125059_s3,NA,bc10,102-739-100,102-118-800,102-202-200,5,PACBIO,REVIO,HPRC_Pool003.KN,BioSample_6,r84046_20240715_232349,8.0.1,1.1.0,2.2.1,2.10.0,4.1.2,P1,C1,HPRC_Pool003.KN,bc10,HPRC_Pool003.KN_bc10,HG02071,HG02071.lymph.m84046_240717_125059_s3.flnc.bam,0.189606,1,"6,651,858",TRUE
s3://human-pangenomics/working/HPRC/HG03942/raw_data/PacBio_Kinnex/HG03942.lymph.m84046_240717_125059_s3.flnc.bam,lymph,UW,flnc-7.bam,EA101358,NA,m84046_240717_125059_s3,NA,bc11,102-739-100,102-118-800,102-202-200,5,PACBIO,REVIO,HPRC_Pool003.KN,BioSample_7,r84046_20240715_232349,8.0.1,1.1.0,2.2.1,2.10.0,4.1.2,P1,C1,HPRC_Pool003.KN,bc11,HPRC_Pool003.KN_bc11,HG03942,HG03942.lymph.m84046_240717_125059_s3.flnc.bam,0.211686,1,"6,555,713",TRUE
s3://human-pangenomics/working/HPRC/HG04187/raw_data/PacBio_Kinnex/HG04187.lymph.m84046_240717_125059_s3.flnc.bam,lymph,UW,flnc-8.bam,EA101358,NA,m84046_240717_125059_s3,NA,bc12,102-739-100,102-118-800,102-202-200,5,PACBIO,REVIO,HPRC_Pool003.KN,BioSample_8,r84046_20240715_232349,8.0.1,1.1.0,2.2.1,2.10.0,4.1.2,P1,C1,HPRC_Pool003.KN,bc12,HPRC_Pool003.KN_bc12,HG04187,HG04187.lymph.m84046_240717_125059_s3.flnc.bam,0.190584,1,"6,438,964",TRUE
s3://human-pangenomics/working/HPRC/HG03388/raw_data/PacBio_Kinnex/HG03388.lymph.m84046_240727_105921_s1.flnc.bam,lymph,UW,flnc-1.bam,EA042498,NA,m84046_240727_105921_s1,NA,bc01,102-739-100,102-118-800,102-202-200,5,PACBIO,REVIO,HPRC_Pool004.KN,BioSample_1,r84046_20240726_220957,8.0.1,1.1.0,2.2.1,2.10.0,4.1.2,P1,C1,HPRC_Pool004.KN,bc01,HPRC_Pool004.KN_bc01,HG03388,HG03388.lymph.m84046_240727_105921_s1.flnc.bam,0.187014,1,"7,526,960",TRUE
s3://human-pangenomics/working/HPRC/NA19042/raw_data/PacBio_Kinnex/NA19042.lymph.m84046_240727_105921_s1.flnc.bam,lymph,UW,flnc-2.bam,EA042498,NA,m84046_240727_105921_s1,NA,bc02,102-739-100,102-118-800,102-202-200,5,PACBIO,REVIO,HPRC_Pool004.KN,BioSample_2,r84046_20240726_220957,8.0.1,1.1.0,2.2.1,2.10.0,4.1.2,P1,C1,HPRC_Pool004.KN,bc02,HPRC_Pool004.KN_bc02,NA19042,NA19042.lymph.m84046_240727_105921_s1.flnc.bam,0.215024,1,"7,156,930",TRUE
s3://human-pangenomics/working/HPRC/HG00701/raw_data/PacBio_Kinnex/HG00701.lymph.m84046_240727_105921_s1.flnc.bam,lymph,UW,flnc-3.bam,EA042498,NA,m84046_240727_105921_s1,NA,bc03,102-739-100,102-118-800,102-202-200,5,PACBIO,REVIO,HPRC_Pool004.KN,BioSample_3,r84046_20240726_220957,8.0.1,1.1.0,2.2.1,2.10.0,4.1.2,P1,C1,HPRC_Pool004.KN,bc03,HPRC_Pool004.KN_bc03,HG00701,HG00701.lymph.m84046_240727_105921_s1.flnc.bam,0.186449,1,"6,256,161",TRUE
s3://human-pangenomics/working/HPRC/HG03072/raw_data/PacBio_Kinnex/HG03072.lymph.m84046_240727_105921_s1.flnc.bam,lymph,UW,flnc-4.bam,EA042498,NA,m84046_240727_105921_s1,NA,bc04,102-739-100,102-118-800,102-202-200,5,PACBIO,REVIO,HPRC_Pool004.KN,BioSample_4,r84046_20240726_220957,8.0.1,1.1.0,2.2.1,2.10.0,4.1.2,P1,C1,HPRC_Pool004.KN,bc04,HPRC_Pool004.KN_bc04,HG03072,HG03072.lymph.m84046_240727_105921_s1.flnc.bam,0.178921,1,"6,931,012",TRUE
s3://human-pangenomics/working/HPRC/HG03445/raw_data/PacBio_Kinnex/HG03445.lymph.m84046_240727_105921_s1.flnc.bam,lymph,UW,flnc-5.bam,EA042498,NA,m84046_240727_105921_s1,NA,bc05,102-739-100,102-118-800,102-202-200,5,PACBIO,REVIO,HPRC_Pool004.KN,BioSample_5,r84046_20240726_220957,8.0.1,1.1.0,2.2.1,2.10.0,4.1.2,P1,C1,HPRC_Pool004.KN,bc05,HPRC_Pool004.KN_bc05,HG03445,HG03445.lymph.m84046_240727_105921_s1.flnc.bam,0.190816,1,"7,241,263",TRUE
s3://human-pangenomics/working/HPRC/HG03788/raw_data/PacBio_Kinnex/HG03788.lymph.m84046_240727_105921_s1.flnc.bam,lymph,UW,flnc-6.bam,EA042498,NA,m84046_240727_105921_s1,NA,bc06,102-739-100,102-118-800,102-202-200,5,PACBIO,REVIO,HPRC_Pool004.KN,BioSample_6,r84046_20240726_220957,8.0.1,1.1.0,2.2.1,2.10.0,4.1.2,P1,C1,HPRC_Pool004.KN,bc06,HPRC_Pool004.KN_bc06,HG03788,HG03788.lymph.m84046_240727_105921_s1.flnc.bam,0.19743,1,"8,022,607",TRUE
s3://human-pangenomics/working/HPRC/HG00119/raw_data/PacBio_Kinnex/HG00119.lymph.m84046_240727_105921_s1.flnc.bam,lymph,UW,flnc-7.bam,EA042498,NA,m84046_240727_105921_s1,NA,bc07,102-739-100,102-118-800,102-202-200,5,PACBIO,REVIO,HPRC_Pool004.KN,BioSample_7,r84046_20240726_220957,8.0.1,1.1.0,2.2.1,2.10.0,4.1.2,P1,C1,HPRC_Pool004.KN,bc07,HPRC_Pool004.KN_bc07,HG00119,HG00119.lymph.m84046_240727_105921_s1.flnc.bam,0.199978,1,"7,142,827",TRUE
s3://human-pangenomics/working/HPRC/NA18606/raw_data/PacBio_Kinnex/NA18606.lymph.m84046_240727_105921_s1.flnc.bam,lymph,UW,flnc-8.bam,EA042498,NA,m84046_240727_105921_s1,NA,bc08,102-739-100,102-118-800,102-202-200,5,PACBIO,REVIO,HPRC_Pool004.KN,BioSample_8,r84046_20240726_220957,8.0.1,1.1.0,2.2.1,2.10.0,4.1.2,P1,C1,HPRC_Pool004.KN,bc08,HPRC_Pool004.KN_bc08,NA18606,NA18606.lymph.m84046_240727_105921_s1.flnc.bam,0.184095,1,"6,378,199",TRUE
s3://human-pangenomics/working/HPRC/HG03388/raw_data/PacBio_Kinnex/HG03388.lymph.m84046_240727_125908_s2.flnc.bam,lymph,UW,flnc-1.bam,EA042490,NA,m84046_240727_125908_s2,NA,bc01,102-739-100,102-118-800,102-202-200,5,PACBIO,REVIO,HPRC_Pool004.KN,BioSample_1,r84046_20240726_220957,8.0.1,1.1.0,2.2.1,2.10.0,4.1.2,P1,C1,HPRC_Pool004.KN,bc01,HPRC_Pool004.KN_bc01,HG03388,HG03388.lymph.m84046_240727_125908_s2.flnc.bam,0.181164,1,"7,526,960",TRUE
s3://human-pangenomics/working/HPRC/NA19042/raw_data/PacBio_Kinnex/NA19042.lymph.m84046_240727_125908_s2.flnc.bam,lymph,UW,flnc-2.bam,EA042490,NA,m84046_240727_125908_s2,NA,bc02,102-739-100,102-118-800,102-202-200,5,PACBIO,REVIO,HPRC_Pool004.KN,BioSample_2,r84046_20240726_220957,8.0.1,1.1.0,2.2.1,2.10.0,4.1.2,P1,C1,HPRC_Pool004.KN,bc02,HPRC_Pool004.KN_bc02,NA19042,NA19042.lymph.m84046_240727_125908_s2.flnc.bam,0.217282,1,"7,156,930",TRUE
s3://human-pangenomics/working/HPRC/HG00701/raw_data/PacBio_Kinnex/HG00701.lymph.m84046_240727_125908_s2.flnc.bam,lymph,UW,flnc-3.bam,EA042490,NA,m84046_240727_125908_s2,NA,bc03,102-739-100,102-118-800,102-202-200,5,PACBIO,REVIO,HPRC_Pool004.KN,BioSample_3,r84046_20240726_220957,8.0.1,1.1.0,2.2.1,2.10.0,4.1.2,P1,C1,HPRC_Pool004.KN,bc03,HPRC_Pool004.KN_bc03,HG00701,HG00701.lymph.m84046_240727_125908_s2.flnc.bam,0.183843,1,"6,256,161",TRUE
s3://human-pangenomics/working/HPRC/HG03072/raw_data/PacBio_Kinnex/HG03072.lymph.m84046_240727_125908_s2.flnc.bam,lymph,UW,flnc-4.bam,EA042490,NA,m84046_240727_125908_s2,NA,bc04,102-739-100,102-118-800,102-202-200,5,PACBIO,REVIO,HPRC_Pool004.KN,BioSample_4,r84046_20240726_220957,8.0.1,1.1.0,2.2.1,2.10.0,4.1.2,P1,C1,HPRC_Pool004.KN,bc04,HPRC_Pool004.KN_bc04,HG03072,HG03072.lymph.m84046_240727_125908_s2.flnc.bam,0.186723,1,"6,931,012",TRUE
s3://human-pangenomics/working/HPRC/HG03445/raw_data/PacBio_Kinnex/HG03445.lymph.m84046_240727_125908_s2.flnc.bam,lymph,UW,flnc-5.bam,EA042490,NA,m84046_240727_125908_s2,NA,bc05,102-739-100,102-118-800,102-202-200,5,PACBIO,REVIO,HPRC_Pool004.KN,BioSample_5,r84046_20240726_220957,8.0.1,1.1.0,2.2.1,2.10.0,4.1.2,P1,C1,HPRC_Pool004.KN,bc05,HPRC_Pool004.KN_bc05,HG03445,HG03445.lymph.m84046_240727_125908_s2.flnc.bam,0.185531,1,"7,241,263",TRUE
s3://human-pangenomics/working/HPRC/HG03788/raw_data/PacBio_Kinnex/HG03788.lymph.m84046_240727_125908_s2.flnc.bam,lymph,UW,flnc-6.bam,EA042490,NA,m84046_240727_125908_s2,NA,bc06,102-739-100,102-118-800,102-202-200,5,PACBIO,REVIO,HPRC_Pool004.KN,BioSample_6,r84046_20240726_220957,8.0.1,1.1.0,2.2.1,2.10.0,4.1.2,P1,C1,HPRC_Pool004.KN,bc06,HPRC_Pool004.KN_bc06,HG03788,HG03788.lymph.m84046_240727_125908_s2.flnc.bam,0.19775,1,"8,022,607",TRUE
s3://human-pangenomics/working/HPRC/HG00119/raw_data/PacBio_Kinnex/HG00119.lymph.m84046_240727_125908_s2.flnc.bam,lymph,UW,flnc-7.bam,EA042490,NA,m84046_240727_125908_s2,NA,bc07,102-739-100,102-118-800,102-202-200,5,PACBIO,REVIO,HPRC_Pool004.KN,BioSample_7,r84046_20240726_220957,8.0.1,1.1.0,2.2.1,2.10.0,4.1.2,P1,C1,HPRC_Pool004.KN,bc07,HPRC_Pool004.KN_bc07,HG00119,HG00119.lymph.m84046_240727_125908_s2.flnc.bam,0.196202,1,"7,142,827",TRUE
s3://human-pangenomics/working/HPRC/NA18606/raw_data/PacBio_Kinnex/NA18606.lymph.m84046_240727_125908_s2.flnc.bam,lymph,UW,flnc-8.bam,EA042490,NA,m84046_240727_125908_s2,NA,bc08,102-739-100,102-118-800,102-202-200,5,PACBIO,REVIO,HPRC_Pool004.KN,BioSample_8,r84046_20240726_220957,8.0.1,1.1.0,2.2.1,2.10.0,4.1.2,P1,C1,HPRC_Pool004.KN,bc08,HPRC_Pool004.KN_bc08,NA18606,NA18606.lymph.m84046_240727_125908_s2.flnc.bam,0.179141,1,"6,378,199",TRUE
s3://human-pangenomics/working/HPRC/HG03691/raw_data/PacBio_Kinnex/HG03691.lymph.m84046_240727_145828_s3.flnc.bam,lymph,UW,flnc-1.bam,EA042463,NA,m84046_240727_145828_s3,NA,bc01,102-739-100,102-118-800,102-202-200,5,PACBIO,REVIO,HPRC_Pool005.KN,BioSample_1,r84046_20240726_220957,8.0.1,1.1.0,2.2.1,2.10.0,4.1.2,P1,C1,HPRC_Pool005.KN,bc01,HPRC_Pool005.KN_bc01,HG03691,HG03691.lymph.m84046_240727_145828_s3.flnc.bam,0.197628,1,"6,973,096",TRUE
s3://human-pangenomics/working/HPRC/HG01516/raw_data/PacBio_Kinnex/HG01516.lymph.m84046_240727_145828_s3.flnc.bam,lymph,UW,flnc-2.bam,EA042463,NA,m84046_240727_145828_s3,NA,bc02,102-739-100,102-118-800,102-202-200,5,PACBIO,REVIO,HPRC_Pool005.KN,BioSample_2,r84046_20240726_220957,8.0.1,1.1.0,2.2.1,2.10.0,4.1.2,P1,C1,HPRC_Pool005.KN,bc02,HPRC_Pool005.KN_bc02,HG01516,HG01516.lymph.m84046_240727_145828_s3.flnc.bam,0.217875,1,"6,983,019",TRUE
s3://human-pangenomics/working/HPRC/HG02337/raw_data/PacBio_Kinnex/HG02337.lymph.m84046_240727_145828_s3.flnc.bam,lymph,UW,flnc-3.bam,EA042463,NA,m84046_240727_145828_s3,NA,bc03,102-739-100,102-118-800,102-202-200,5,PACBIO,REVIO,HPRC_Pool005.KN,BioSample_3,r84046_20240726_220957,8.0.1,1.1.0,2.2.1,2.10.0,4.1.2,P1,C1,HPRC_Pool005.KN,bc03,HPRC_Pool005.KN_bc03,HG02337,HG02337.lymph.m84046_240727_145828_s3.flnc.bam,0.202033,1,"7,195,490",TRUE
s3://human-pangenomics/working/HPRC/HG03460/raw_data/PacBio_Kinnex/HG03460.lymph.m84046_240727_145828_s3.flnc.bam,lymph,UW,flnc-4.bam,EA042463,NA,m84046_240727_145828_s3,NA,bc04,102-739-100,102-118-800,102-202-200,5,PACBIO,REVIO,HPRC_Pool005.KN,BioSample_4,r84046_20240726_220957,8.0.1,1.1.0,2.2.1,2.10.0,4.1.2,P1,C1,HPRC_Pool005.KN,bc04,HPRC_Pool005.KN_bc04,HG03460,HG03460.lymph.m84046_240727_145828_s3.flnc.bam,0.18177,1,"7,235,243",TRUE
s3://human-pangenomics/working/HPRC/NA18538/raw_data/PacBio_Kinnex/NA18538.lymph.m84046_240727_145828_s3.flnc.bam,lymph,UW,flnc-5.bam,EA042463,NA,m84046_240727_145828_s3,NA,bc05,102-739-100,102-118-800,102-202-200,5,PACBIO,REVIO,HPRC_Pool005.KN,BioSample_5,r84046_20240726_220957,8.0.1,1.1.0,2.2.1,2.10.0,4.1.2,P1,C1,HPRC_Pool005.KN,bc05,HPRC_Pool005.KN_bc05,NA18538,NA18538.lymph.m84046_240727_145828_s3.flnc.bam,0.182758,1,"7,000,473",TRUE
s3://human-pangenomics/working/HPRC/HG01610/raw_data/PacBio_Kinnex/HG01610.lymph.m84046_240727_145828_s3.flnc.bam,lymph,UW,flnc-6.bam,EA042463,NA,m84046_240727_145828_s3,NA,bc10,102-739-100,102-118-800,102-202-200,5,PACBIO,REVIO,HPRC_Pool005.KN,BioSample_6,r84046_20240726_220957,8.0.1,1.1.0,2.2.1,2.10.0,4.1.2,P1,C1,HPRC_Pool005.KN,bc10,HPRC_Pool005.KN_bc10,HG01610,HG01610.lymph.m84046_240727_145828_s3.flnc.bam,0.195395,1,"7,092,428",TRUE
s3://human-pangenomics/working/HPRC/HG03117/raw_data/PacBio_Kinnex/HG03117.lymph.m84046_240727_145828_s3.flnc.bam,lymph,UW,flnc-7.bam,EA042463,NA,m84046_240727_145828_s3,NA,bc11,102-739-100,102-118-800,102-202-200,5,PACBIO,REVIO,HPRC_Pool005.KN,BioSample_7,r84046_20240726_220957,8.0.1,1.1.0,2.2.1,2.10.0,4.1.2,P1,C1,HPRC_Pool005.KN,bc11,HPRC_Pool005.KN_bc11,HG03117,HG03117.lymph.m84046_240727_145828_s3.flnc.bam,0.200142,1,"6,844,312",TRUE
s3://human-pangenomics/working/HPRC/HG04216/raw_data/PacBio_Kinnex/HG04216.lymph.m84046_240727_145828_s3.flnc.bam,lymph,UW,flnc-8.bam,EA042463,NA,m84046_240727_145828_s3,NA,bc12,102-739-100,102-118-800,102-202-200,5,PACBIO,REVIO,HPRC_Pool005.KN,BioSample_8,r84046_20240726_220957,8.0.1,1.1.0,2.2.1,2.10.0,4.1.2,P1,C1,HPRC_Pool005.KN,bc12,HPRC_Pool005.KN_bc12,HG04216,HG04216.lymph.m84046_240727_145828_s3.flnc.bam,0.190709,1,"7,617,309",TRUE
s3://human-pangenomics/working/HPRC/HG03691/raw_data/PacBio_Kinnex/HG03691.lymph.m84046_240727_165745_s4.flnc.bam,lymph,UW,flnc-1.bam,EA042523,NA,m84046_240727_165745_s4,NA,bc01,102-739-100,102-118-800,102-202-200,5,PACBIO,REVIO,HPRC_Pool005.KN,BioSample_1,r84046_20240726_220957,8.0.1,1.1.0,2.2.1,2.10.0,4.1.2,P1,C1,HPRC_Pool005.KN,bc01,HPRC_Pool005.KN_bc01,HG03691,HG03691.lymph.m84046_240727_165745_s4.flnc.bam,0.198146,1,"6,973,096",TRUE
s3://human-pangenomics/working/HPRC/HG01516/raw_data/PacBio_Kinnex/HG01516.lymph.m84046_240727_165745_s4.flnc.bam,lymph,UW,flnc-2.bam,EA042523,NA,m84046_240727_165745_s4,NA,bc02,102-739-100,102-118-800,102-202-200,5,PACBIO,REVIO,HPRC_Pool005.KN,BioSample_2,r84046_20240726_220957,8.0.1,1.1.0,2.2.1,2.10.0,4.1.2,P1,C1,HPRC_Pool005.KN,bc02,HPRC_Pool005.KN_bc02,HG01516,HG01516.lymph.m84046_240727_165745_s4.flnc.bam,0.206888,1,"6,983,019",TRUE
s3://human-pangenomics/working/HPRC/HG02337/raw_data/PacBio_Kinnex/HG02337.lymph.m84046_240727_165745_s4.flnc.bam,lymph,UW,flnc-3.bam,EA042523,NA,m84046_240727_165745_s4,NA,bc03,102-739-100,102-118-800,102-202-200,5,PACBIO,REVIO,HPRC_Pool005.KN,BioSample_3,r84046_20240726_220957,8.0.1,1.1.0,2.2.1,2.10.0,4.1.2,P1,C1,HPRC_Pool005.KN,bc03,HPRC_Pool005.KN_bc03,HG02337,HG02337.lymph.m84046_240727_165745_s4.flnc.bam,0.205665,1,"7,195,490",TRUE
s3://human-pangenomics/working/HPRC/HG03460/raw_data/PacBio_Kinnex/HG03460.lymph.m84046_240727_165745_s4.flnc.bam,lymph,UW,flnc-4.bam,EA042523,NA,m84046_240727_165745_s4,NA,bc04,102-739-100,102-118-800,102-202-200,5,PACBIO,REVIO,HPRC_Pool005.KN,BioSample_4,r84046_20240726_220957,8.0.1,1.1.0,2.2.1,2.10.0,4.1.2,P1,C1,HPRC_Pool005.KN,bc04,HPRC_Pool005.KN_bc04,HG03460,HG03460.lymph.m84046_240727_165745_s4.flnc.bam,0.171063,1,"7,235,243",TRUE
s3://human-pangenomics/working/HPRC/NA18538/raw_data/PacBio_Kinnex/NA18538.lymph.m84046_240727_165745_s4.flnc.bam,lymph,UW,flnc-5.bam,EA042523,NA,m84046_240727_165745_s4,NA,bc05,102-739-100,102-118-800,102-202-200,5,PACBIO,REVIO,HPRC_Pool005.KN,BioSample_5,r84046_20240726_220957,8.0.1,1.1.0,2.2.1,2.10.0,4.1.2,P1,C1,HPRC_Pool005.KN,bc05,HPRC_Pool005.KN_bc05,NA18538,NA18538.lymph.m84046_240727_165745_s4.flnc.bam,0.178115,1,"7,000,473",TRUE
s3://human-pangenomics/working/HPRC/HG01610/raw_data/PacBio_Kinnex/HG01610.lymph.m84046_240727_165745_s4.flnc.bam,lymph,UW,flnc-6.bam,EA042523,NA,m84046_240727_165745_s4,NA,bc10,102-739-100,102-118-800,102-202-200,5,PACBIO,REVIO,HPRC_Pool005.KN,BioSample_6,r84046_20240726_220957,8.0.1,1.1.0,2.2.1,2.10.0,4.1.2,P1,C1,HPRC_Pool005.KN,bc10,HPRC_Pool005.KN_bc10,HG01610,HG01610.lymph.m84046_240727_165745_s4.flnc.bam,0.206188,1,"7,092,428",TRUE
s3://human-pangenomics/working/HPRC/HG03117/raw_data/PacBio_Kinnex/HG03117.lymph.m84046_240727_165745_s4.flnc.bam,lymph,UW,flnc-7.bam,EA042523,NA,m84046_240727_165745_s4,NA,bc11,102-739-100,102-118-800,102-202-200,5,PACBIO,REVIO,HPRC_Pool005.KN,BioSample_7,r84046_20240726_220957,8.0.1,1.1.0,2.2.1,2.10.0,4.1.2,P1,C1,HPRC_Pool005.KN,bc11,HPRC_Pool005.KN_bc11,HG03117,HG03117.lymph.m84046_240727_165745_s4.flnc.bam,0.188023,1,"6,844,312",TRUE
s3://human-pangenomics/working/HPRC/HG04216/raw_data/PacBio_Kinnex/HG04216.lymph.m84046_240727_165745_s4.flnc.bam,lymph,UW,flnc-8.bam,EA042523,NA,m84046_240727_165745_s4,NA,bc12,102-739-100,102-118-800,102-202-200,5,PACBIO,REVIO,HPRC_Pool005.KN,BioSample_8,r84046_20240726_220957,8.0.1,1.1.0,2.2.1,2.10.0,4.1.2,P1,C1,HPRC_Pool005.KN,bc12,HPRC_Pool005.KN_bc12,HG04216,HG04216.lymph.m84046_240727_165745_s4.flnc.bam,0.187706,1,"7,617,309",TRUE
s3://human-pangenomics/working/HPRC/NA18559/raw_data/PacBio_Kinnex/NA18559.lymph.m84046_240728_205116_s1.flnc.bam,lymph,UW,flnc-1.bam,EA109086,NA,m84046_240728_205116_s1,NA,bc01,102-739-100,102-118-800,102-202-200,5,PACBIO,REVIO,HPRC_Pool006.KN,BioSample_1,r84046_20240726_220957,8.0.1,1.1.0,2.2.1,2.10.0,4.1.2,P1,C1,HPRC_Pool006.KN,bc01,HPRC_Pool006.KN_bc01,NA18559,NA18559.lymph.m84046_240728_205116_s1.flnc.bam,0.165529,1,"6,884,764",TRUE
s3://human-pangenomics/working/HPRC/HG02364/raw_data/PacBio_Kinnex/HG02364.lymph.m84046_240728_205116_s1.flnc.bam,lymph,UW,flnc-2.bam,EA109086,NA,m84046_240728_205116_s1,NA,bc02,102-739-100,102-118-800,102-202-200,5,PACBIO,REVIO,HPRC_Pool006.KN,BioSample_2,r84046_20240726_220957,8.0.1,1.1.0,2.2.1,2.10.0,4.1.2,P1,C1,HPRC_Pool006.KN,bc02,HPRC_Pool006.KN_bc02,HG02364,HG02364.lymph.m84046_240728_205116_s1.flnc.bam,0.186003,1,"6,966,055",TRUE
s3://human-pangenomics/working/HPRC/HG03052/raw_data/PacBio_Kinnex/HG03052.lymph.m84046_240728_205116_s1.flnc.bam,lymph,UW,flnc-3.bam,EA109086,NA,m84046_240728_205116_s1,NA,bc06,102-739-100,102-118-800,102-202-200,5,PACBIO,REVIO,HPRC_Pool006.KN,BioSample_3,r84046_20240726_220957,8.0.1,1.1.0,2.2.1,2.10.0,4.1.2,P1,C1,HPRC_Pool006.KN,bc06,HPRC_Pool006.KN_bc06,HG03052,HG03052.lymph.m84046_240728_205116_s1.flnc.bam,0.16299,1,"7,402,091",TRUE
s3://human-pangenomics/working/HPRC/NA19031/raw_data/PacBio_Kinnex/NA19031.lymph.m84046_240728_205116_s1.flnc.bam,lymph,UW,flnc-4.bam,EA109086,NA,m84046_240728_205116_s1,NA,bc08,102-739-100,102-118-800,102-202-200,5,PACBIO,REVIO,HPRC_Pool006.KN,BioSample_4,r84046_20240726_220957,8.0.1,1.1.0,2.2.1,2.10.0,4.1.2,P1,C1,HPRC_Pool006.KN,bc08,HPRC_Pool006.KN_bc08,NA19031,NA19031.lymph.m84046_240728_205116_s1.flnc.bam,0.178637,1,"6,925,161",TRUE
s3://human-pangenomics/working/HPRC/HG03733/raw_data/PacBio_Kinnex/HG03733.lymph.m84046_240728_205116_s1.flnc.bam,lymph,UW,flnc-5.bam,EA109086,NA,m84046_240728_205116_s1,NA,bc09,102-739-100,102-118-800,102-202-200,5,PACBIO,REVIO,HPRC_Pool006.KN,BioSample_5,r84046_20240726_220957,8.0.1,1.1.0,2.2.1,2.10.0,4.1.2,P1,C1,HPRC_Pool006.KN,bc09,HPRC_Pool006.KN_bc09,HG03733,HG03733.lymph.m84046_240728_205116_s1.flnc.bam,0.182956,1,"6,743,106",TRUE
s3://human-pangenomics/working/HPRC/NA19314/raw_data/PacBio_Kinnex/NA19314.lymph.m84046_240728_205116_s1.flnc.bam,lymph,UW,flnc-6.bam,EA109086,NA,m84046_240728_205116_s1,NA,bc10,102-739-100,102-118-800,102-202-200,5,PACBIO,REVIO,HPRC_Pool006.KN,BioSample_6,r84046_20240726_220957,8.0.1,1.1.0,2.2.1,2.10.0,4.1.2,P1,C1,HPRC_Pool006.KN,bc10,HPRC_Pool006.KN_bc10,NA19314,NA19314.lymph.m84046_240728_205116_s1.flnc.bam,0.170633,1,"6,099,297",TRUE
s3://human-pangenomics/working/HPRC/NA18870/raw_data/PacBio_Kinnex/NA18870.lymph.m84046_240728_205116_s1.flnc.bam,lymph,UW,flnc-7.bam,EA109086,NA,m84046_240728_205116_s1,NA,bc11,102-739-100,102-118-800,102-202-200,5,PACBIO,REVIO,HPRC_Pool006.KN,BioSample_7,r84046_20240726_220957,8.0.1,1.1.0,2.2.1,2.10.0,4.1.2,P1,C1,HPRC_Pool006.KN,bc11,HPRC_Pool006.KN_bc11,NA18870,NA18870.lymph.m84046_240728_205116_s1.flnc.bam,0.163275,1,"6,871,838",TRUE
s3://human-pangenomics/working/HPRC/NA20756/raw_data/PacBio_Kinnex/NA20756.lymph.m84046_240728_205116_s1.flnc.bam,lymph,UW,flnc-8.bam,EA109086,NA,m84046_240728_205116_s1,NA,bc12,102-739-100,102-118-800,102-202-200,5,PACBIO,REVIO,HPRC_Pool006.KN,BioSample_8,r84046_20240726_220957,8.0.1,1.1.0,2.2.1,2.10.0,4.1.2,P1,C1,HPRC_Pool006.KN,bc12,HPRC_Pool006.KN_bc12,NA20756,NA20756.lymph.m84046_240728_205116_s1.flnc.bam,0.205844,1,"7,219,607",TRUE
s3://human-pangenomics/working/HPRC/NA18559/raw_data/PacBio_Kinnex/NA18559.lymph.m84046_240728_225112_s2.flnc.bam,lymph,UW,flnc-1.bam,EA109079,NA,m84046_240728_225112_s2,NA,bc01,102-739-100,102-118-800,102-202-200,5,PACBIO,REVIO,HPRC_Pool006.KN,BioSample_1,r84046_20240726_220957,8.0.1,1.1.0,2.2.1,2.10.0,4.1.2,P1,C1,HPRC_Pool006.KN,bc01,HPRC_Pool006.KN_bc01,NA18559,NA18559.lymph.m84046_240728_225112_s2.flnc.bam,0.175529,1,"6,884,764",TRUE
s3://human-pangenomics/working/HPRC/HG02364/raw_data/PacBio_Kinnex/HG02364.lymph.m84046_240728_225112_s2.flnc.bam,lymph,UW,flnc-2.bam,EA109079,NA,m84046_240728_225112_s2,NA,bc02,102-739-100,102-118-800,102-202-200,5,PACBIO,REVIO,HPRC_Pool006.KN,BioSample_2,r84046_20240726_220957,8.0.1,1.1.0,2.2.1,2.10.0,4.1.2,P1,C1,HPRC_Pool006.KN,bc02,HPRC_Pool006.KN_bc02,HG02364,HG02364.lymph.m84046_240728_225112_s2.flnc.bam,0.189322,1,"6,966,055",TRUE
s3://human-pangenomics/working/HPRC/HG03052/raw_data/PacBio_Kinnex/HG03052.lymph.m84046_240728_225112_s2.flnc.bam,lymph,UW,flnc-3.bam,EA109079,NA,m84046_240728_225112_s2,NA,bc06,102-739-100,102-118-800,102-202-200,5,PACBIO,REVIO,HPRC_Pool006.KN,BioSample_3,r84046_20240726_220957,8.0.1,1.1.0,2.2.1,2.10.0,4.1.2,P1,C1,HPRC_Pool006.KN,bc06,HPRC_Pool006.KN_bc06,HG03052,HG03052.lymph.m84046_240728_225112_s2.flnc.bam,0.15728,1,"7,402,091",TRUE
s3://human-pangenomics/working/HPRC/NA19031/raw_data/PacBio_Kinnex/NA19031.lymph.m84046_240728_225112_s2.flnc.bam,lymph,UW,flnc-4.bam,EA109079,NA,m84046_240728_225112_s2,NA,bc08,102-739-100,102-118-800,102-202-200,5,PACBIO,REVIO,HPRC_Pool006.KN,BioSample_4,r84046_20240726_220957,8.0.1,1.1.0,2.2.1,2.10.0,4.1.2,P1,C1,HPRC_Pool006.KN,bc08,HPRC_Pool006.KN_bc08,NA19031,NA19031.lymph.m84046_240728_225112_s2.flnc.bam,0.180869,1,"6,925,161",TRUE
s3://human-pangenomics/working/HPRC/HG03733/raw_data/PacBio_Kinnex/HG03733.lymph.m84046_240728_225112_s2.flnc.bam,lymph,UW,flnc-5.bam,EA109079,NA,m84046_240728_225112_s2,NA,bc09,102-739-100,102-118-800,102-202-200,5,PACBIO,REVIO,HPRC_Pool006.KN,BioSample_5,r84046_20240726_220957,8.0.1,1.1.0,2.2.1,2.10.0,4.1.2,P1,C1,HPRC_Pool006.KN,bc09,HPRC_Pool006.KN_bc09,HG03733,HG03733.lymph.m84046_240728_225112_s2.flnc.bam,0.192305,1,"6,743,106",TRUE
s3://human-pangenomics/working/HPRC/NA19314/raw_data/PacBio_Kinnex/NA19314.lymph.m84046_240728_225112_s2.flnc.bam,lymph,UW,flnc-6.bam,EA109079,NA,m84046_240728_225112_s2,NA,bc10,102-739-100,102-118-800,102-202-200,5,PACBIO,REVIO,HPRC_Pool006.KN,BioSample_6,r84046_20240726_220957,8.0.1,1.1.0,2.2.1,2.10.0,4.1.2,P1,C1,HPRC_Pool006.KN,bc10,HPRC_Pool006.KN_bc10,NA19314,NA19314.lymph.m84046_240728_225112_s2.flnc.bam,0.179238,1,"6,099,297",TRUE
s3://human-pangenomics/working/HPRC/NA18870/raw_data/PacBio_Kinnex/NA18870.lymph.m84046_240728_225112_s2.flnc.bam,lymph,UW,flnc-7.bam,EA109079,NA,m84046_240728_225112_s2,NA,bc11,102-739-100,102-118-800,102-202-200,5,PACBIO,REVIO,HPRC_Pool006.KN,BioSample_7,r84046_20240726_220957,8.0.1,1.1.0,2.2.1,2.10.0,4.1.2,P1,C1,HPRC_Pool006.KN,bc11,HPRC_Pool006.KN_bc11,NA18870,NA18870.lymph.m84046_240728_225112_s2.flnc.bam,0.159553,1,"6,871,838",TRUE
s3://human-pangenomics/working/HPRC/NA20756/raw_data/PacBio_Kinnex/NA20756.lymph.m84046_240728_225112_s2.flnc.bam,lymph,UW,flnc-8.bam,EA109079,NA,m84046_240728_225112_s2,NA,bc12,102-739-100,102-118-800,102-202-200,5,PACBIO,REVIO,HPRC_Pool006.KN,BioSample_8,r84046_20240726_220957,8.0.1,1.1.0,2.2.1,2.10.0,4.1.2,P1,C1,HPRC_Pool006.KN,bc12,HPRC_Pool006.KN_bc12,NA20756,NA20756.lymph.m84046_240728_225112_s2.flnc.bam,0.208813,1,"7,219,607",TRUE