filename,sample_id,accession,study,bioproject_accession,biosample_accession,library_id,library_strategy,library_source,platform,instrument_model,design_description,generator_facility,generator_contact,data_type,filetype,library_layout,library_selection,shear_method,total_bp,coverage,ntsm_score,path,total_gbp,production
HG00106-1_FC1_S29_L003_R1_001.fastq.gz,HG00106,,SRP305758,PRJNA701308,SAMN41021696,HG00106-1,Hi-C,GENOMIC,ILLUMINA,Illumina NovaSeq 6000,Illumina Sequencing of Omni-C Libraries,University of California Santa Cruz,wseligma@ucsc.edu,unaligned reads,fastq,paired,RANDOM,no shear,28596843872,9.22,0.446125,s3://human-pangenomics/submissions/0176C70E-541E-4163-8589-2948BBDE0682--HPRC-OmniC-100124Pools/HG00106/raw_data/hic/HG00106-1_FC1_S29_L003_R1_001.fastq.gz,28.60,HPRC-OmniC-100124Pools
HG00106-1_FC1_S29_L003_R2_001.fastq.gz,HG00106,,SRP305758,PRJNA701308,SAMN41021696,HG00106-1,Hi-C,GENOMIC,ILLUMINA,Illumina NovaSeq 6000,Illumina Sequencing of Omni-C Libraries,University of California Santa Cruz,wseligma@ucsc.edu,unaligned reads,fastq,paired,RANDOM,no shear,28596843872,9.22,0.391734,s3://human-pangenomics/submissions/0176C70E-541E-4163-8589-2948BBDE0682--HPRC-OmniC-100124Pools/HG00106/raw_data/hic/HG00106-1_FC1_S29_L003_R2_001.fastq.gz,28.60,HPRC-OmniC-100124Pools
HG00106-1_FC2_S29_L003_R1_001.fastq.gz,HG00106,,SRP305758,PRJNA701308,SAMN41021696,HG00106-1,Hi-C,GENOMIC,ILLUMINA,Illumina NovaSeq 6000,Illumina Sequencing of Omni-C Libraries,University of California Santa Cruz,wseligma@ucsc.edu,unaligned reads,fastq,paired,RANDOM,no shear,31948735832,10.31,0.451427,s3://human-pangenomics/submissions/0176C70E-541E-4163-8589-2948BBDE0682--HPRC-OmniC-100124Pools/HG00106/raw_data/hic/HG00106-1_FC2_S29_L003_R1_001.fastq.gz,31.95,HPRC-OmniC-100124Pools
HG00106-1_FC2_S29_L003_R2_001.fastq.gz,HG00106,,SRP305758,PRJNA701308,SAMN41021696,HG00106-1,Hi-C,GENOMIC,ILLUMINA,Illumina NovaSeq 6000,Illumina Sequencing of Omni-C Libraries,University of California Santa Cruz,wseligma@ucsc.edu,unaligned reads,fastq,paired,RANDOM,no shear,31948735832,10.31,0.408116,s3://human-pangenomics/submissions/0176C70E-541E-4163-8589-2948BBDE0682--HPRC-OmniC-100124Pools/HG00106/raw_data/hic/HG00106-1_FC2_S29_L003_R2_001.fastq.gz,31.95,HPRC-OmniC-100124Pools
HG00106-2_FC1_S30_L003_R1_001.fastq.gz,HG00106,,SRP305758,PRJNA701308,SAMN41021696,HG00106-2,Hi-C,GENOMIC,ILLUMINA,Illumina NovaSeq 6000,Illumina Sequencing of Omni-C Libraries,University of California Santa Cruz,wseligma@ucsc.edu,unaligned reads,fastq,paired,RANDOM,no shear,26295863441,8.48,0.462115,s3://human-pangenomics/submissions/0176C70E-541E-4163-8589-2948BBDE0682--HPRC-OmniC-100124Pools/HG00106/raw_data/hic/HG00106-2_FC1_S30_L003_R1_001.fastq.gz,26.30,HPRC-OmniC-100124Pools
HG00106-2_FC1_S30_L003_R2_001.fastq.gz,HG00106,,SRP305758,PRJNA701308,SAMN41021696,HG00106-2,Hi-C,GENOMIC,ILLUMINA,Illumina NovaSeq 6000,Illumina Sequencing of Omni-C Libraries,University of California Santa Cruz,wseligma@ucsc.edu,unaligned reads,fastq,paired,RANDOM,no shear,26295863441,8.48,0.392326,s3://human-pangenomics/submissions/0176C70E-541E-4163-8589-2948BBDE0682--HPRC-OmniC-100124Pools/HG00106/raw_data/hic/HG00106-2_FC1_S30_L003_R2_001.fastq.gz,26.30,HPRC-OmniC-100124Pools
HG00106-2_FC2_S30_L003_R1_001.fastq.gz,HG00106,,SRP305758,PRJNA701308,SAMN41021696,HG00106-2,Hi-C,GENOMIC,ILLUMINA,Illumina NovaSeq 6000,Illumina Sequencing of Omni-C Libraries,University of California Santa Cruz,wseligma@ucsc.edu,unaligned reads,fastq,paired,RANDOM,no shear,28995071340,9.35,0.458545,s3://human-pangenomics/submissions/0176C70E-541E-4163-8589-2948BBDE0682--HPRC-OmniC-100124Pools/HG00106/raw_data/hic/HG00106-2_FC2_S30_L003_R1_001.fastq.gz,29.00,HPRC-OmniC-100124Pools
HG00106-2_FC2_S30_L003_R2_001.fastq.gz,HG00106,,SRP305758,PRJNA701308,SAMN41021696,HG00106-2,Hi-C,GENOMIC,ILLUMINA,Illumina NovaSeq 6000,Illumina Sequencing of Omni-C Libraries,University of California Santa Cruz,wseligma@ucsc.edu,unaligned reads,fastq,paired,RANDOM,no shear,28995071340,9.35,0.401979,s3://human-pangenomics/submissions/0176C70E-541E-4163-8589-2948BBDE0682--HPRC-OmniC-100124Pools/HG00106/raw_data/hic/HG00106-2_FC2_S30_L003_R2_001.fastq.gz,29.00,HPRC-OmniC-100124Pools
HG00120-1_FC1_S47_L004_R1_001.fastq.gz,HG00120,,SRP305758,PRJNA701308,,HG00120-1,Hi-C,GENOMIC,ILLUMINA,Illumina NovaSeq 6000,Illumina Sequencing of Omni-C Libraries,University of California Santa Cruz,wseligma@ucsc.edu,unaligned reads,fastq,paired,RANDOM,no shear,28221121142,9.1,0.486358,s3://human-pangenomics/submissions/0176C70E-541E-4163-8589-2948BBDE0682--HPRC-OmniC-100124Pools/HG00120/raw_data/hic/HG00120-1_FC1_S47_L004_R1_001.fastq.gz,28.22,HPRC-OmniC-100124Pools
HG00120-1_FC1_S47_L004_R2_001.fastq.gz,HG00120,,SRP305758,PRJNA701308,,HG00120-1,Hi-C,GENOMIC,ILLUMINA,Illumina NovaSeq 6000,Illumina Sequencing of Omni-C Libraries,University of California Santa Cruz,wseligma@ucsc.edu,unaligned reads,fastq,paired,RANDOM,no shear,28221121142,9.1,0.437537,s3://human-pangenomics/submissions/0176C70E-541E-4163-8589-2948BBDE0682--HPRC-OmniC-100124Pools/HG00120/raw_data/hic/HG00120-1_FC1_S47_L004_R2_001.fastq.gz,28.22,HPRC-OmniC-100124Pools
HG00120-1_FC2_S47_L004_R1_001.fastq.gz,HG00120,,SRP305758,PRJNA701308,,HG00120-1,Hi-C,GENOMIC,ILLUMINA,Illumina NovaSeq 6000,Illumina Sequencing of Omni-C Libraries,University of California Santa Cruz,wseligma@ucsc.edu,unaligned reads,fastq,paired,RANDOM,no shear,30835330235,9.95,0.45717,s3://human-pangenomics/submissions/0176C70E-541E-4163-8589-2948BBDE0682--HPRC-OmniC-100124Pools/HG00120/raw_data/hic/HG00120-1_FC2_S47_L004_R1_001.fastq.gz,30.84,HPRC-OmniC-100124Pools
HG00120-1_FC2_S47_L004_R2_001.fastq.gz,HG00120,,SRP305758,PRJNA701308,,HG00120-1,Hi-C,GENOMIC,ILLUMINA,Illumina NovaSeq 6000,Illumina Sequencing of Omni-C Libraries,University of California Santa Cruz,wseligma@ucsc.edu,unaligned reads,fastq,paired,RANDOM,no shear,30835330235,9.95,0.44082,s3://human-pangenomics/submissions/0176C70E-541E-4163-8589-2948BBDE0682--HPRC-OmniC-100124Pools/HG00120/raw_data/hic/HG00120-1_FC2_S47_L004_R2_001.fastq.gz,30.84,HPRC-OmniC-100124Pools
HG00120-2_FC1_S48_L004_R1_001.fastq.gz,HG00120,,SRP305758,PRJNA701308,,HG00120-2,Hi-C,GENOMIC,ILLUMINA,Illumina NovaSeq 6000,Illumina Sequencing of Omni-C Libraries,University of California Santa Cruz,wseligma@ucsc.edu,unaligned reads,fastq,paired,RANDOM,no shear,29952442748,9.66,0.451793,s3://human-pangenomics/submissions/0176C70E-541E-4163-8589-2948BBDE0682--HPRC-OmniC-100124Pools/HG00120/raw_data/hic/HG00120-2_FC1_S48_L004_R1_001.fastq.gz,29.95,HPRC-OmniC-100124Pools
HG00120-2_FC1_S48_L004_R2_001.fastq.gz,HG00120,,SRP305758,PRJNA701308,,HG00120-2,Hi-C,GENOMIC,ILLUMINA,Illumina NovaSeq 6000,Illumina Sequencing of Omni-C Libraries,University of California Santa Cruz,wseligma@ucsc.edu,unaligned reads,fastq,paired,RANDOM,no shear,29952442748,9.66,0.407318,s3://human-pangenomics/submissions/0176C70E-541E-4163-8589-2948BBDE0682--HPRC-OmniC-100124Pools/HG00120/raw_data/hic/HG00120-2_FC1_S48_L004_R2_001.fastq.gz,29.95,HPRC-OmniC-100124Pools
HG00120-2_FC2_S48_L004_R1_001.fastq.gz,HG00120,,SRP305758,PRJNA701308,,HG00120-2,Hi-C,GENOMIC,ILLUMINA,Illumina NovaSeq 6000,Illumina Sequencing of Omni-C Libraries,University of California Santa Cruz,wseligma@ucsc.edu,unaligned reads,fastq,paired,RANDOM,no shear,32582271432,10.51,0.44417,s3://human-pangenomics/submissions/0176C70E-541E-4163-8589-2948BBDE0682--HPRC-OmniC-100124Pools/HG00120/raw_data/hic/HG00120-2_FC2_S48_L004_R1_001.fastq.gz,32.58,HPRC-OmniC-100124Pools
HG00120-2_FC2_S48_L004_R2_001.fastq.gz,HG00120,,SRP305758,PRJNA701308,,HG00120-2,Hi-C,GENOMIC,ILLUMINA,Illumina NovaSeq 6000,Illumina Sequencing of Omni-C Libraries,University of California Santa Cruz,wseligma@ucsc.edu,unaligned reads,fastq,paired,RANDOM,no shear,32582271432,10.51,0.402361,s3://human-pangenomics/submissions/0176C70E-541E-4163-8589-2948BBDE0682--HPRC-OmniC-100124Pools/HG00120/raw_data/hic/HG00120-2_FC2_S48_L004_R2_001.fastq.gz,32.58,HPRC-OmniC-100124Pools
HG00375-1_FC1_S37_L004_R1_001.fastq.gz,HG00375,,SRP305758,PRJNA701308,,HG00375-1,Hi-C,GENOMIC,ILLUMINA,Illumina NovaSeq 6000,Illumina Sequencing of Omni-C Libraries,University of California Santa Cruz,wseligma@ucsc.edu,unaligned reads,fastq,paired,RANDOM,no shear,25465522746,8.21,0.487122,s3://human-pangenomics/submissions/0176C70E-541E-4163-8589-2948BBDE0682--HPRC-OmniC-100124Pools/HG00375/raw_data/hic/HG00375-1_FC1_S37_L004_R1_001.fastq.gz,25.47,HPRC-OmniC-100124Pools
HG00375-1_FC1_S37_L004_R2_001.fastq.gz,HG00375,,SRP305758,PRJNA701308,,HG00375-1,Hi-C,GENOMIC,ILLUMINA,Illumina NovaSeq 6000,Illumina Sequencing of Omni-C Libraries,University of California Santa Cruz,wseligma@ucsc.edu,unaligned reads,fastq,paired,RANDOM,no shear,25465522746,8.21,0.418948,s3://human-pangenomics/submissions/0176C70E-541E-4163-8589-2948BBDE0682--HPRC-OmniC-100124Pools/HG00375/raw_data/hic/HG00375-1_FC1_S37_L004_R2_001.fastq.gz,25.47,HPRC-OmniC-100124Pools
HG00375-1_FC2_S37_L004_R1_001.fastq.gz,HG00375,,SRP305758,PRJNA701308,,HG00375-1,Hi-C,GENOMIC,ILLUMINA,Illumina NovaSeq 6000,Illumina Sequencing of Omni-C Libraries,University of California Santa Cruz,wseligma@ucsc.edu,unaligned reads,fastq,paired,RANDOM,no shear,27692610421,8.93,0.483178,s3://human-pangenomics/submissions/0176C70E-541E-4163-8589-2948BBDE0682--HPRC-OmniC-100124Pools/HG00375/raw_data/hic/HG00375-1_FC2_S37_L004_R1_001.fastq.gz,27.69,HPRC-OmniC-100124Pools
HG00375-1_FC2_S37_L004_R2_001.fastq.gz,HG00375,,SRP305758,PRJNA701308,,HG00375-1,Hi-C,GENOMIC,ILLUMINA,Illumina NovaSeq 6000,Illumina Sequencing of Omni-C Libraries,University of California Santa Cruz,wseligma@ucsc.edu,unaligned reads,fastq,paired,RANDOM,no shear,27692610421,8.93,0.437613,s3://human-pangenomics/submissions/0176C70E-541E-4163-8589-2948BBDE0682--HPRC-OmniC-100124Pools/HG00375/raw_data/hic/HG00375-1_FC2_S37_L004_R2_001.fastq.gz,27.69,HPRC-OmniC-100124Pools
HG00375-2_FC1_S38_L004_R1_001.fastq.gz,HG00375,,SRP305758,PRJNA701308,,HG00375-2,Hi-C,GENOMIC,ILLUMINA,Illumina NovaSeq 6000,Illumina Sequencing of Omni-C Libraries,University of California Santa Cruz,wseligma@ucsc.edu,unaligned reads,fastq,paired,RANDOM,no shear,22617542097,7.3,0.481621,s3://human-pangenomics/submissions/0176C70E-541E-4163-8589-2948BBDE0682--HPRC-OmniC-100124Pools/HG00375/raw_data/hic/HG00375-2_FC1_S38_L004_R1_001.fastq.gz,22.62,HPRC-OmniC-100124Pools
HG00375-2_FC1_S38_L004_R2_001.fastq.gz,HG00375,,SRP305758,PRJNA701308,,HG00375-2,Hi-C,GENOMIC,ILLUMINA,Illumina NovaSeq 6000,Illumina Sequencing of Omni-C Libraries,University of California Santa Cruz,wseligma@ucsc.edu,unaligned reads,fastq,paired,RANDOM,no shear,22617542097,7.3,0.447817,s3://human-pangenomics/submissions/0176C70E-541E-4163-8589-2948BBDE0682--HPRC-OmniC-100124Pools/HG00375/raw_data/hic/HG00375-2_FC1_S38_L004_R2_001.fastq.gz,22.62,HPRC-OmniC-100124Pools
HG00375-2_FC2_S38_L004_R1_001.fastq.gz,HG00375,,SRP305758,PRJNA701308,,HG00375-2,Hi-C,GENOMIC,ILLUMINA,Illumina NovaSeq 6000,Illumina Sequencing of Omni-C Libraries,University of California Santa Cruz,wseligma@ucsc.edu,unaligned reads,fastq,paired,RANDOM,no shear,24746185020,7.98,0.511987,s3://human-pangenomics/submissions/0176C70E-541E-4163-8589-2948BBDE0682--HPRC-OmniC-100124Pools/HG00375/raw_data/hic/HG00375-2_FC2_S38_L004_R1_001.fastq.gz,24.75,HPRC-OmniC-100124Pools
HG00375-2_FC2_S38_L004_R2_001.fastq.gz,HG00375,,SRP305758,PRJNA701308,,HG00375-2,Hi-C,GENOMIC,ILLUMINA,Illumina NovaSeq 6000,Illumina Sequencing of Omni-C Libraries,University of California Santa Cruz,wseligma@ucsc.edu,unaligned reads,fastq,paired,RANDOM,no shear,24746185020,7.98,0.463674,s3://human-pangenomics/submissions/0176C70E-541E-4163-8589-2948BBDE0682--HPRC-OmniC-100124Pools/HG00375/raw_data/hic/HG00375-2_FC2_S38_L004_R2_001.fastq.gz,24.75,HPRC-OmniC-100124Pools
HG00662-1_FC1_S21_L002_R1_001.fastq.gz,HG00662,,SRP305758,PRJNA701308,SAMN41021678,HG00662-1,Hi-C,GENOMIC,ILLUMINA,Illumina NovaSeq 6000,Illumina Sequencing of Omni-C Libraries,University of California Santa Cruz,wseligma@ucsc.edu,unaligned reads,fastq,paired,RANDOM,no shear,42515702695,13.71,0.423136,s3://human-pangenomics/submissions/0176C70E-541E-4163-8589-2948BBDE0682--HPRC-OmniC-100124Pools/HG00662/raw_data/hic/HG00662-1_FC1_S21_L002_R1_001.fastq.gz,42.52,HPRC-OmniC-100124Pools
HG00662-1_FC1_S21_L002_R2_001.fastq.gz,HG00662,,SRP305758,PRJNA701308,SAMN41021678,HG00662-1,Hi-C,GENOMIC,ILLUMINA,Illumina NovaSeq 6000,Illumina Sequencing of Omni-C Libraries,University of California Santa Cruz,wseligma@ucsc.edu,unaligned reads,fastq,paired,RANDOM,no shear,42515702695,13.71,0.373066,s3://human-pangenomics/submissions/0176C70E-541E-4163-8589-2948BBDE0682--HPRC-OmniC-100124Pools/HG00662/raw_data/hic/HG00662-1_FC1_S21_L002_R2_001.fastq.gz,42.52,HPRC-OmniC-100124Pools
HG00662-1_FC2_S21_L002_R1_001.fastq.gz,HG00662,,SRP305758,PRJNA701308,SAMN41021678,HG00662-1,Hi-C,GENOMIC,ILLUMINA,Illumina NovaSeq 6000,Illumina Sequencing of Omni-C Libraries,University of California Santa Cruz,wseligma@ucsc.edu,unaligned reads,fastq,paired,RANDOM,no shear,46207554998,14.91,0.413824,s3://human-pangenomics/submissions/0176C70E-541E-4163-8589-2948BBDE0682--HPRC-OmniC-100124Pools/HG00662/raw_data/hic/HG00662-1_FC2_S21_L002_R1_001.fastq.gz,46.21,HPRC-OmniC-100124Pools
HG00662-1_FC2_S21_L002_R2_001.fastq.gz,HG00662,,SRP305758,PRJNA701308,SAMN41021678,HG00662-1,Hi-C,GENOMIC,ILLUMINA,Illumina NovaSeq 6000,Illumina Sequencing of Omni-C Libraries,University of California Santa Cruz,wseligma@ucsc.edu,unaligned reads,fastq,paired,RANDOM,no shear,46207554998,14.91,0.392001,s3://human-pangenomics/submissions/0176C70E-541E-4163-8589-2948BBDE0682--HPRC-OmniC-100124Pools/HG00662/raw_data/hic/HG00662-1_FC2_S21_L002_R2_001.fastq.gz,46.21,HPRC-OmniC-100124Pools
HG00662-2_FC1_S22_L002_R1_001.fastq.gz,HG00662,,SRP305758,PRJNA701308,SAMN41021678,HG00662-2,Hi-C,GENOMIC,ILLUMINA,Illumina NovaSeq 6000,Illumina Sequencing of Omni-C Libraries,University of California Santa Cruz,wseligma@ucsc.edu,unaligned reads,fastq,paired,RANDOM,no shear,29900965791,9.65,0.433863,s3://human-pangenomics/submissions/0176C70E-541E-4163-8589-2948BBDE0682--HPRC-OmniC-100124Pools/HG00662/raw_data/hic/HG00662-2_FC1_S22_L002_R1_001.fastq.gz,29.90,HPRC-OmniC-100124Pools
HG00662-2_FC1_S22_L002_R2_001.fastq.gz,HG00662,,SRP305758,PRJNA701308,SAMN41021678,HG00662-2,Hi-C,GENOMIC,ILLUMINA,Illumina NovaSeq 6000,Illumina Sequencing of Omni-C Libraries,University of California Santa Cruz,wseligma@ucsc.edu,unaligned reads,fastq,paired,RANDOM,no shear,29900965791,9.65,0.385827,s3://human-pangenomics/submissions/0176C70E-541E-4163-8589-2948BBDE0682--HPRC-OmniC-100124Pools/HG00662/raw_data/hic/HG00662-2_FC1_S22_L002_R2_001.fastq.gz,29.90,HPRC-OmniC-100124Pools
HG00662-2_FC2_S22_L002_R1_001.fastq.gz,HG00662,,SRP305758,PRJNA701308,SAMN41021678,HG00662-2,Hi-C,GENOMIC,ILLUMINA,Illumina NovaSeq 6000,Illumina Sequencing of Omni-C Libraries,University of California Santa Cruz,wseligma@ucsc.edu,unaligned reads,fastq,paired,RANDOM,no shear,32747766224,10.56,0.405276,s3://human-pangenomics/submissions/0176C70E-541E-4163-8589-2948BBDE0682--HPRC-OmniC-100124Pools/HG00662/raw_data/hic/HG00662-2_FC2_S22_L002_R1_001.fastq.gz,32.75,HPRC-OmniC-100124Pools
HG00662-2_FC2_S22_L002_R2_001.fastq.gz,HG00662,,SRP305758,PRJNA701308,SAMN41021678,HG00662-2,Hi-C,GENOMIC,ILLUMINA,Illumina NovaSeq 6000,Illumina Sequencing of Omni-C Libraries,University of California Santa Cruz,wseligma@ucsc.edu,unaligned reads,fastq,paired,RANDOM,no shear,32747766224,10.56,0.389035,s3://human-pangenomics/submissions/0176C70E-541E-4163-8589-2948BBDE0682--HPRC-OmniC-100124Pools/HG00662/raw_data/hic/HG00662-2_FC2_S22_L002_R2_001.fastq.gz,32.75,HPRC-OmniC-100124Pools
HG00689-1_FC1_S45_L004_R1_001.fastq.gz,HG00689,,SRP305758,PRJNA701308,,HG00689-1,Hi-C,GENOMIC,ILLUMINA,Illumina NovaSeq 6000,Illumina Sequencing of Omni-C Libraries,University of California Santa Cruz,wseligma@ucsc.edu,unaligned reads,fastq,paired,RANDOM,no shear,34692962569,11.19,0.422956,s3://human-pangenomics/submissions/0176C70E-541E-4163-8589-2948BBDE0682--HPRC-OmniC-100124Pools/HG00689/raw_data/hic/HG00689-1_FC1_S45_L004_R1_001.fastq.gz,34.69,HPRC-OmniC-100124Pools
HG00689-1_FC1_S45_L004_R2_001.fastq.gz,HG00689,,SRP305758,PRJNA701308,,HG00689-1,Hi-C,GENOMIC,ILLUMINA,Illumina NovaSeq 6000,Illumina Sequencing of Omni-C Libraries,University of California Santa Cruz,wseligma@ucsc.edu,unaligned reads,fastq,paired,RANDOM,no shear,34692962569,11.19,0.392903,s3://human-pangenomics/submissions/0176C70E-541E-4163-8589-2948BBDE0682--HPRC-OmniC-100124Pools/HG00689/raw_data/hic/HG00689-1_FC1_S45_L004_R2_001.fastq.gz,34.69,HPRC-OmniC-100124Pools
HG00689-1_FC2_S45_L004_R1_001.fastq.gz,HG00689,,SRP305758,PRJNA701308,,HG00689-1,Hi-C,GENOMIC,ILLUMINA,Illumina NovaSeq 6000,Illumina Sequencing of Omni-C Libraries,University of California Santa Cruz,wseligma@ucsc.edu,unaligned reads,fastq,paired,RANDOM,no shear,36919257192,11.91,0.447315,s3://human-pangenomics/submissions/0176C70E-541E-4163-8589-2948BBDE0682--HPRC-OmniC-100124Pools/HG00689/raw_data/hic/HG00689-1_FC2_S45_L004_R1_001.fastq.gz,36.92,HPRC-OmniC-100124Pools
HG00689-1_FC2_S45_L004_R2_001.fastq.gz,HG00689,,SRP305758,PRJNA701308,,HG00689-1,Hi-C,GENOMIC,ILLUMINA,Illumina NovaSeq 6000,Illumina Sequencing of Omni-C Libraries,University of California Santa Cruz,wseligma@ucsc.edu,unaligned reads,fastq,paired,RANDOM,no shear,36919257192,11.91,0.386591,s3://human-pangenomics/submissions/0176C70E-541E-4163-8589-2948BBDE0682--HPRC-OmniC-100124Pools/HG00689/raw_data/hic/HG00689-1_FC2_S45_L004_R2_001.fastq.gz,36.92,HPRC-OmniC-100124Pools
HG00689-2_FC1_S46_L004_R1_001.fastq.gz,HG00689,,SRP305758,PRJNA701308,,HG00689-2,Hi-C,GENOMIC,ILLUMINA,Illumina NovaSeq 6000,Illumina Sequencing of Omni-C Libraries,University of California Santa Cruz,wseligma@ucsc.edu,unaligned reads,fastq,paired,RANDOM,no shear,31073663048,10.02,0.43451,s3://human-pangenomics/submissions/0176C70E-541E-4163-8589-2948BBDE0682--HPRC-OmniC-100124Pools/HG00689/raw_data/hic/HG00689-2_FC1_S46_L004_R1_001.fastq.gz,31.07,HPRC-OmniC-100124Pools
HG00689-2_FC1_S46_L004_R2_001.fastq.gz,HG00689,,SRP305758,PRJNA701308,,HG00689-2,Hi-C,GENOMIC,ILLUMINA,Illumina NovaSeq 6000,Illumina Sequencing of Omni-C Libraries,University of California Santa Cruz,wseligma@ucsc.edu,unaligned reads,fastq,paired,RANDOM,no shear,31073663048,10.02,0.393589,s3://human-pangenomics/submissions/0176C70E-541E-4163-8589-2948BBDE0682--HPRC-OmniC-100124Pools/HG00689/raw_data/hic/HG00689-2_FC1_S46_L004_R2_001.fastq.gz,31.07,HPRC-OmniC-100124Pools
HG00689-2_FC2_S46_L004_R1_001.fastq.gz,HG00689,,SRP305758,PRJNA701308,,HG00689-2,Hi-C,GENOMIC,ILLUMINA,Illumina NovaSeq 6000,Illumina Sequencing of Omni-C Libraries,University of California Santa Cruz,wseligma@ucsc.edu,unaligned reads,fastq,paired,RANDOM,no shear,34217153717,11.04,0.431254,s3://human-pangenomics/submissions/0176C70E-541E-4163-8589-2948BBDE0682--HPRC-OmniC-100124Pools/HG00689/raw_data/hic/HG00689-2_FC2_S46_L004_R1_001.fastq.gz,34.22,HPRC-OmniC-100124Pools
HG00689-2_FC2_S46_L004_R2_001.fastq.gz,HG00689,,SRP305758,PRJNA701308,,HG00689-2,Hi-C,GENOMIC,ILLUMINA,Illumina NovaSeq 6000,Illumina Sequencing of Omni-C Libraries,University of California Santa Cruz,wseligma@ucsc.edu,unaligned reads,fastq,paired,RANDOM,no shear,34217153717,11.04,0.420593,s3://human-pangenomics/submissions/0176C70E-541E-4163-8589-2948BBDE0682--HPRC-OmniC-100124Pools/HG00689/raw_data/hic/HG00689-2_FC2_S46_L004_R2_001.fastq.gz,34.22,HPRC-OmniC-100124Pools
HG01048-1_FC1_S7_L001_R1_001.fastq.gz,HG01048,,SRP305758,PRJNA701308,SAMN41021687,HG01048-1,Hi-C,GENOMIC,ILLUMINA,Illumina NovaSeq 6000,Illumina Sequencing of Omni-C Libraries,University of California Santa Cruz,wseligma@ucsc.edu,unaligned reads,fastq,paired,RANDOM,no shear,34254771441,11.05,0.418017,s3://human-pangenomics/submissions/0176C70E-541E-4163-8589-2948BBDE0682--HPRC-OmniC-100124Pools/HG01048/raw_data/hic/HG01048-1_FC1_S7_L001_R1_001.fastq.gz,34.25,HPRC-OmniC-100124Pools
HG01048-1_FC1_S7_L001_R2_001.fastq.gz,HG01048,,SRP305758,PRJNA701308,SAMN41021687,HG01048-1,Hi-C,GENOMIC,ILLUMINA,Illumina NovaSeq 6000,Illumina Sequencing of Omni-C Libraries,University of California Santa Cruz,wseligma@ucsc.edu,unaligned reads,fastq,paired,RANDOM,no shear,34254771441,11.05,0.390656,s3://human-pangenomics/submissions/0176C70E-541E-4163-8589-2948BBDE0682--HPRC-OmniC-100124Pools/HG01048/raw_data/hic/HG01048-1_FC1_S7_L001_R2_001.fastq.gz,34.25,HPRC-OmniC-100124Pools
HG01048-1_FC2_S7_L001_R1_001.fastq.gz,HG01048,,SRP305758,PRJNA701308,SAMN41021687,HG01048-1,Hi-C,GENOMIC,ILLUMINA,Illumina NovaSeq 6000,Illumina Sequencing of Omni-C Libraries,University of California Santa Cruz,wseligma@ucsc.edu,unaligned reads,fastq,paired,RANDOM,no shear,38956617293,12.57,0.426349,s3://human-pangenomics/submissions/0176C70E-541E-4163-8589-2948BBDE0682--HPRC-OmniC-100124Pools/HG01048/raw_data/hic/HG01048-1_FC2_S7_L001_R1_001.fastq.gz,38.96,HPRC-OmniC-100124Pools
HG01048-1_FC2_S7_L001_R2_001.fastq.gz,HG01048,,SRP305758,PRJNA701308,SAMN41021687,HG01048-1,Hi-C,GENOMIC,ILLUMINA,Illumina NovaSeq 6000,Illumina Sequencing of Omni-C Libraries,University of California Santa Cruz,wseligma@ucsc.edu,unaligned reads,fastq,paired,RANDOM,no shear,38956617293,12.57,0.422358,s3://human-pangenomics/submissions/0176C70E-541E-4163-8589-2948BBDE0682--HPRC-OmniC-100124Pools/HG01048/raw_data/hic/HG01048-1_FC2_S7_L001_R2_001.fastq.gz,38.96,HPRC-OmniC-100124Pools
HG01048-2_FC1_S8_L001_R1_001.fastq.gz,HG01048,,SRP305758,PRJNA701308,SAMN41021687,HG01048-2,Hi-C,GENOMIC,ILLUMINA,Illumina NovaSeq 6000,Illumina Sequencing of Omni-C Libraries,University of California Santa Cruz,wseligma@ucsc.edu,unaligned reads,fastq,paired,RANDOM,no shear,26322644046,8.49,0.460783,s3://human-pangenomics/submissions/0176C70E-541E-4163-8589-2948BBDE0682--HPRC-OmniC-100124Pools/HG01048/raw_data/hic/HG01048-2_FC1_S8_L001_R1_001.fastq.gz,26.32,HPRC-OmniC-100124Pools
HG01048-2_FC1_S8_L001_R2_001.fastq.gz,HG01048,,SRP305758,PRJNA701308,SAMN41021687,HG01048-2,Hi-C,GENOMIC,ILLUMINA,Illumina NovaSeq 6000,Illumina Sequencing of Omni-C Libraries,University of California Santa Cruz,wseligma@ucsc.edu,unaligned reads,fastq,paired,RANDOM,no shear,26322644046,8.49,0.40146,s3://human-pangenomics/submissions/0176C70E-541E-4163-8589-2948BBDE0682--HPRC-OmniC-100124Pools/HG01048/raw_data/hic/HG01048-2_FC1_S8_L001_R2_001.fastq.gz,26.32,HPRC-OmniC-100124Pools
HG01048-2_FC2_S8_L001_R1_001.fastq.gz,HG01048,,SRP305758,PRJNA701308,SAMN41021687,HG01048-2,Hi-C,GENOMIC,ILLUMINA,Illumina NovaSeq 6000,Illumina Sequencing of Omni-C Libraries,University of California Santa Cruz,wseligma@ucsc.edu,unaligned reads,fastq,paired,RANDOM,no shear,28691601506,9.26,0.484647,s3://human-pangenomics/submissions/0176C70E-541E-4163-8589-2948BBDE0682--HPRC-OmniC-100124Pools/HG01048/raw_data/hic/HG01048-2_FC2_S8_L001_R1_001.fastq.gz,28.69,HPRC-OmniC-100124Pools
HG01048-2_FC2_S8_L001_R2_001.fastq.gz,HG01048,,SRP305758,PRJNA701308,SAMN41021687,HG01048-2,Hi-C,GENOMIC,ILLUMINA,Illumina NovaSeq 6000,Illumina Sequencing of Omni-C Libraries,University of California Santa Cruz,wseligma@ucsc.edu,unaligned reads,fastq,paired,RANDOM,no shear,28691601506,9.26,0.439622,s3://human-pangenomics/submissions/0176C70E-541E-4163-8589-2948BBDE0682--HPRC-OmniC-100124Pools/HG01048/raw_data/hic/HG01048-2_FC2_S8_L001_R2_001.fastq.gz,28.69,HPRC-OmniC-100124Pools
HG01374-1_FC1_S35_L003_R1_001.fastq.gz,HG01374,,SRP305758,PRJNA701308,,HG01374-1,Hi-C,GENOMIC,ILLUMINA,Illumina NovaSeq 6000,Illumina Sequencing of Omni-C Libraries,University of California Santa Cruz,wseligma@ucsc.edu,unaligned reads,fastq,paired,RANDOM,no shear,27111622368,8.75,0.456639,s3://human-pangenomics/submissions/0176C70E-541E-4163-8589-2948BBDE0682--HPRC-OmniC-100124Pools/HG01374/raw_data/hic/HG01374-1_FC1_S35_L003_R1_001.fastq.gz,27.11,HPRC-OmniC-100124Pools
HG01374-1_FC1_S35_L003_R2_001.fastq.gz,HG01374,,SRP305758,PRJNA701308,,HG01374-1,Hi-C,GENOMIC,ILLUMINA,Illumina NovaSeq 6000,Illumina Sequencing of Omni-C Libraries,University of California Santa Cruz,wseligma@ucsc.edu,unaligned reads,fastq,paired,RANDOM,no shear,27111622368,8.75,0.417702,s3://human-pangenomics/submissions/0176C70E-541E-4163-8589-2948BBDE0682--HPRC-OmniC-100124Pools/HG01374/raw_data/hic/HG01374-1_FC1_S35_L003_R2_001.fastq.gz,27.11,HPRC-OmniC-100124Pools
HG01374-1_FC2_S35_L003_R1_001.fastq.gz,HG01374,,SRP305758,PRJNA701308,,HG01374-1,Hi-C,GENOMIC,ILLUMINA,Illumina NovaSeq 6000,Illumina Sequencing of Omni-C Libraries,University of California Santa Cruz,wseligma@ucsc.edu,unaligned reads,fastq,paired,RANDOM,no shear,30596941552,9.87,0.463232,s3://human-pangenomics/submissions/0176C70E-541E-4163-8589-2948BBDE0682--HPRC-OmniC-100124Pools/HG01374/raw_data/hic/HG01374-1_FC2_S35_L003_R1_001.fastq.gz,30.60,HPRC-OmniC-100124Pools
HG01374-1_FC2_S35_L003_R2_001.fastq.gz,HG01374,,SRP305758,PRJNA701308,,HG01374-1,Hi-C,GENOMIC,ILLUMINA,Illumina NovaSeq 6000,Illumina Sequencing of Omni-C Libraries,University of California Santa Cruz,wseligma@ucsc.edu,unaligned reads,fastq,paired,RANDOM,no shear,30596941552,9.87,0.414622,s3://human-pangenomics/submissions/0176C70E-541E-4163-8589-2948BBDE0682--HPRC-OmniC-100124Pools/HG01374/raw_data/hic/HG01374-1_FC2_S35_L003_R2_001.fastq.gz,30.60,HPRC-OmniC-100124Pools
HG01374-2_FC1_S36_L003_R1_001.fastq.gz,HG01374,,SRP305758,PRJNA701308,,HG01374-2,Hi-C,GENOMIC,ILLUMINA,Illumina NovaSeq 6000,Illumina Sequencing of Omni-C Libraries,University of California Santa Cruz,wseligma@ucsc.edu,unaligned reads,fastq,paired,RANDOM,no shear,34162394171,11.02,0.443409,s3://human-pangenomics/submissions/0176C70E-541E-4163-8589-2948BBDE0682--HPRC-OmniC-100124Pools/HG01374/raw_data/hic/HG01374-2_FC1_S36_L003_R1_001.fastq.gz,34.16,HPRC-OmniC-100124Pools
HG01374-2_FC1_S36_L003_R2_001.fastq.gz,HG01374,,SRP305758,PRJNA701308,,HG01374-2,Hi-C,GENOMIC,ILLUMINA,Illumina NovaSeq 6000,Illumina Sequencing of Omni-C Libraries,University of California Santa Cruz,wseligma@ucsc.edu,unaligned reads,fastq,paired,RANDOM,no shear,34162394171,11.02,0.416257,s3://human-pangenomics/submissions/0176C70E-541E-4163-8589-2948BBDE0682--HPRC-OmniC-100124Pools/HG01374/raw_data/hic/HG01374-2_FC1_S36_L003_R2_001.fastq.gz,34.16,HPRC-OmniC-100124Pools
HG01374-2_FC2_S36_L003_R1_001.fastq.gz,HG01374,,SRP305758,PRJNA701308,,HG01374-2,Hi-C,GENOMIC,ILLUMINA,Illumina NovaSeq 6000,Illumina Sequencing of Omni-C Libraries,University of California Santa Cruz,wseligma@ucsc.edu,unaligned reads,fastq,paired,RANDOM,no shear,37943590758,12.24,0.463664,s3://human-pangenomics/submissions/0176C70E-541E-4163-8589-2948BBDE0682--HPRC-OmniC-100124Pools/HG01374/raw_data/hic/HG01374-2_FC2_S36_L003_R1_001.fastq.gz,37.94,HPRC-OmniC-100124Pools
HG01374-2_FC2_S36_L003_R2_001.fastq.gz,HG01374,,SRP305758,PRJNA701308,,HG01374-2,Hi-C,GENOMIC,ILLUMINA,Illumina NovaSeq 6000,Illumina Sequencing of Omni-C Libraries,University of California Santa Cruz,wseligma@ucsc.edu,unaligned reads,fastq,paired,RANDOM,no shear,37943590758,12.24,0.395162,s3://human-pangenomics/submissions/0176C70E-541E-4163-8589-2948BBDE0682--HPRC-OmniC-100124Pools/HG01374/raw_data/hic/HG01374-2_FC2_S36_L003_R2_001.fastq.gz,37.94,HPRC-OmniC-100124Pools
HG01894-1_FC1_S5_L001_R1_001.fastq.gz,HG01894,,SRP305758,PRJNA701308,SAMN41021684,HG01894-1,Hi-C,GENOMIC,ILLUMINA,Illumina NovaSeq 6000,Illumina Sequencing of Omni-C Libraries,University of California Santa Cruz,wseligma@ucsc.edu,unaligned reads,fastq,paired,RANDOM,no shear,28437420186,9.17,0.430355,s3://human-pangenomics/submissions/0176C70E-541E-4163-8589-2948BBDE0682--HPRC-OmniC-100124Pools/HG01894/raw_data/hic/HG01894-1_FC1_S5_L001_R1_001.fastq.gz,28.44,HPRC-OmniC-100124Pools
HG01894-1_FC1_S5_L001_R2_001.fastq.gz,HG01894,,SRP305758,PRJNA701308,SAMN41021684,HG01894-1,Hi-C,GENOMIC,ILLUMINA,Illumina NovaSeq 6000,Illumina Sequencing of Omni-C Libraries,University of California Santa Cruz,wseligma@ucsc.edu,unaligned reads,fastq,paired,RANDOM,no shear,28437420186,9.17,0.396667,s3://human-pangenomics/submissions/0176C70E-541E-4163-8589-2948BBDE0682--HPRC-OmniC-100124Pools/HG01894/raw_data/hic/HG01894-1_FC1_S5_L001_R2_001.fastq.gz,28.44,HPRC-OmniC-100124Pools
HG01894-1_FC2_S5_L001_R1_001.fastq.gz,HG01894,,SRP305758,PRJNA701308,SAMN41021684,HG01894-1,Hi-C,GENOMIC,ILLUMINA,Illumina NovaSeq 6000,Illumina Sequencing of Omni-C Libraries,University of California Santa Cruz,wseligma@ucsc.edu,unaligned reads,fastq,paired,RANDOM,no shear,31804750235,10.26,0.455602,s3://human-pangenomics/submissions/0176C70E-541E-4163-8589-2948BBDE0682--HPRC-OmniC-100124Pools/HG01894/raw_data/hic/HG01894-1_FC2_S5_L001_R1_001.fastq.gz,31.80,HPRC-OmniC-100124Pools
HG01894-1_FC2_S5_L001_R2_001.fastq.gz,HG01894,,SRP305758,PRJNA701308,SAMN41021684,HG01894-1,Hi-C,GENOMIC,ILLUMINA,Illumina NovaSeq 6000,Illumina Sequencing of Omni-C Libraries,University of California Santa Cruz,wseligma@ucsc.edu,unaligned reads,fastq,paired,RANDOM,no shear,31804750235,10.26,0.403238,s3://human-pangenomics/submissions/0176C70E-541E-4163-8589-2948BBDE0682--HPRC-OmniC-100124Pools/HG01894/raw_data/hic/HG01894-1_FC2_S5_L001_R2_001.fastq.gz,31.80,HPRC-OmniC-100124Pools
HG01894-2_FC1_S6_L001_R1_001.fastq.gz,HG01894,,SRP305758,PRJNA701308,SAMN41021684,HG01894-2,Hi-C,GENOMIC,ILLUMINA,Illumina NovaSeq 6000,Illumina Sequencing of Omni-C Libraries,University of California Santa Cruz,wseligma@ucsc.edu,unaligned reads,fastq,paired,RANDOM,no shear,27702707489,8.94,0.455997,s3://human-pangenomics/submissions/0176C70E-541E-4163-8589-2948BBDE0682--HPRC-OmniC-100124Pools/HG01894/raw_data/hic/HG01894-2_FC1_S6_L001_R1_001.fastq.gz,27.70,HPRC-OmniC-100124Pools
HG01894-2_FC1_S6_L001_R2_001.fastq.gz,HG01894,,SRP305758,PRJNA701308,SAMN41021684,HG01894-2,Hi-C,GENOMIC,ILLUMINA,Illumina NovaSeq 6000,Illumina Sequencing of Omni-C Libraries,University of California Santa Cruz,wseligma@ucsc.edu,unaligned reads,fastq,paired,RANDOM,no shear,27702707489,8.94,0.4029,s3://human-pangenomics/submissions/0176C70E-541E-4163-8589-2948BBDE0682--HPRC-OmniC-100124Pools/HG01894/raw_data/hic/HG01894-2_FC1_S6_L001_R2_001.fastq.gz,27.70,HPRC-OmniC-100124Pools
HG01894-2_FC2_S6_L001_R1_001.fastq.gz,HG01894,,SRP305758,PRJNA701308,SAMN41021684,HG01894-2,Hi-C,GENOMIC,ILLUMINA,Illumina NovaSeq 6000,Illumina Sequencing of Omni-C Libraries,University of California Santa Cruz,wseligma@ucsc.edu,unaligned reads,fastq,paired,RANDOM,no shear,30776672171,9.93,0.445103,s3://human-pangenomics/submissions/0176C70E-541E-4163-8589-2948BBDE0682--HPRC-OmniC-100124Pools/HG01894/raw_data/hic/HG01894-2_FC2_S6_L001_R1_001.fastq.gz,30.78,HPRC-OmniC-100124Pools
HG01894-2_FC2_S6_L001_R2_001.fastq.gz,HG01894,,SRP305758,PRJNA701308,SAMN41021684,HG01894-2,Hi-C,GENOMIC,ILLUMINA,Illumina NovaSeq 6000,Illumina Sequencing of Omni-C Libraries,University of California Santa Cruz,wseligma@ucsc.edu,unaligned reads,fastq,paired,RANDOM,no shear,30776672171,9.93,0.421887,s3://human-pangenomics/submissions/0176C70E-541E-4163-8589-2948BBDE0682--HPRC-OmniC-100124Pools/HG01894/raw_data/hic/HG01894-2_FC2_S6_L001_R2_001.fastq.gz,30.78,HPRC-OmniC-100124Pools
HG02470-1_FC1_S39_L004_R1_001.fastq.gz,HG02470,,SRP305758,PRJNA701308,,HG02470-1,Hi-C,GENOMIC,ILLUMINA,Illumina NovaSeq 6000,Illumina Sequencing of Omni-C Libraries,University of California Santa Cruz,wseligma@ucsc.edu,unaligned reads,fastq,paired,RANDOM,no shear,33099009438,10.68,0.4222,s3://human-pangenomics/submissions/0176C70E-541E-4163-8589-2948BBDE0682--HPRC-OmniC-100124Pools/HG02470/raw_data/hic/HG02470-1_FC1_S39_L004_R1_001.fastq.gz,33.10,HPRC-OmniC-100124Pools
HG02470-1_FC1_S39_L004_R2_001.fastq.gz,HG02470,,SRP305758,PRJNA701308,,HG02470-1,Hi-C,GENOMIC,ILLUMINA,Illumina NovaSeq 6000,Illumina Sequencing of Omni-C Libraries,University of California Santa Cruz,wseligma@ucsc.edu,unaligned reads,fastq,paired,RANDOM,no shear,33099009438,10.68,0.376162,s3://human-pangenomics/submissions/0176C70E-541E-4163-8589-2948BBDE0682--HPRC-OmniC-100124Pools/HG02470/raw_data/hic/HG02470-1_FC1_S39_L004_R2_001.fastq.gz,33.10,HPRC-OmniC-100124Pools
HG02470-1_FC2_S39_L004_R1_001.fastq.gz,HG02470,,SRP305758,PRJNA701308,,HG02470-1,Hi-C,GENOMIC,ILLUMINA,Illumina NovaSeq 6000,Illumina Sequencing of Omni-C Libraries,University of California Santa Cruz,wseligma@ucsc.edu,unaligned reads,fastq,paired,RANDOM,no shear,36184329924,11.67,0.452201,s3://human-pangenomics/submissions/0176C70E-541E-4163-8589-2948BBDE0682--HPRC-OmniC-100124Pools/HG02470/raw_data/hic/HG02470-1_FC2_S39_L004_R1_001.fastq.gz,36.18,HPRC-OmniC-100124Pools
HG02470-1_FC2_S39_L004_R2_001.fastq.gz,HG02470,,SRP305758,PRJNA701308,,HG02470-1,Hi-C,GENOMIC,ILLUMINA,Illumina NovaSeq 6000,Illumina Sequencing of Omni-C Libraries,University of California Santa Cruz,wseligma@ucsc.edu,unaligned reads,fastq,paired,RANDOM,no shear,36184329924,11.67,0.34655,s3://human-pangenomics/submissions/0176C70E-541E-4163-8589-2948BBDE0682--HPRC-OmniC-100124Pools/HG02470/raw_data/hic/HG02470-1_FC2_S39_L004_R2_001.fastq.gz,36.18,HPRC-OmniC-100124Pools
HG02470-2_FC1_S40_L004_R1_001.fastq.gz,HG02470,,SRP305758,PRJNA701308,,HG02470-2,Hi-C,GENOMIC,ILLUMINA,Illumina NovaSeq 6000,Illumina Sequencing of Omni-C Libraries,University of California Santa Cruz,wseligma@ucsc.edu,unaligned reads,fastq,paired,RANDOM,no shear,25273709862,8.15,0.474167,s3://human-pangenomics/submissions/0176C70E-541E-4163-8589-2948BBDE0682--HPRC-OmniC-100124Pools/HG02470/raw_data/hic/HG02470-2_FC1_S40_L004_R1_001.fastq.gz,25.27,HPRC-OmniC-100124Pools
HG02470-2_FC1_S40_L004_R2_001.fastq.gz,HG02470,,SRP305758,PRJNA701308,,HG02470-2,Hi-C,GENOMIC,ILLUMINA,Illumina NovaSeq 6000,Illumina Sequencing of Omni-C Libraries,University of California Santa Cruz,wseligma@ucsc.edu,unaligned reads,fastq,paired,RANDOM,no shear,25273709862,8.15,0.401781,s3://human-pangenomics/submissions/0176C70E-541E-4163-8589-2948BBDE0682--HPRC-OmniC-100124Pools/HG02470/raw_data/hic/HG02470-2_FC1_S40_L004_R2_001.fastq.gz,25.27,HPRC-OmniC-100124Pools
HG02470-2_FC2_S40_L004_R1_001.fastq.gz,HG02470,,SRP305758,PRJNA701308,,HG02470-2,Hi-C,GENOMIC,ILLUMINA,Illumina NovaSeq 6000,Illumina Sequencing of Omni-C Libraries,University of California Santa Cruz,wseligma@ucsc.edu,unaligned reads,fastq,paired,RANDOM,no shear,27263564759,8.79,0.454876,s3://human-pangenomics/submissions/0176C70E-541E-4163-8589-2948BBDE0682--HPRC-OmniC-100124Pools/HG02470/raw_data/hic/HG02470-2_FC2_S40_L004_R1_001.fastq.gz,27.26,HPRC-OmniC-100124Pools
HG02470-2_FC2_S40_L004_R2_001.fastq.gz,HG02470,,SRP305758,PRJNA701308,,HG02470-2,Hi-C,GENOMIC,ILLUMINA,Illumina NovaSeq 6000,Illumina Sequencing of Omni-C Libraries,University of California Santa Cruz,wseligma@ucsc.edu,unaligned reads,fastq,paired,RANDOM,no shear,27263564759,8.79,0.424698,s3://human-pangenomics/submissions/0176C70E-541E-4163-8589-2948BBDE0682--HPRC-OmniC-100124Pools/HG02470/raw_data/hic/HG02470-2_FC2_S40_L004_R2_001.fastq.gz,27.26,HPRC-OmniC-100124Pools
HG02624-1_FC1_S25_L003_R1_001.fastq.gz,HG02624,,SRP305758,PRJNA701308,SAMN41021691,HG02624-1,Hi-C,GENOMIC,ILLUMINA,Illumina NovaSeq 6000,Illumina Sequencing of Omni-C Libraries,University of California Santa Cruz,wseligma@ucsc.edu,unaligned reads,fastq,paired,RANDOM,no shear,24015739130,7.75,0.484056,s3://human-pangenomics/submissions/0176C70E-541E-4163-8589-2948BBDE0682--HPRC-OmniC-100124Pools/HG02624/raw_data/hic/HG02624-1_FC1_S25_L003_R1_001.fastq.gz,24.02,HPRC-OmniC-100124Pools
HG02624-1_FC1_S25_L003_R2_001.fastq.gz,HG02624,,SRP305758,PRJNA701308,SAMN41021691,HG02624-1,Hi-C,GENOMIC,ILLUMINA,Illumina NovaSeq 6000,Illumina Sequencing of Omni-C Libraries,University of California Santa Cruz,wseligma@ucsc.edu,unaligned reads,fastq,paired,RANDOM,no shear,24015739130,7.75,0.396144,s3://human-pangenomics/submissions/0176C70E-541E-4163-8589-2948BBDE0682--HPRC-OmniC-100124Pools/HG02624/raw_data/hic/HG02624-1_FC1_S25_L003_R2_001.fastq.gz,24.02,HPRC-OmniC-100124Pools
HG02624-1_FC2_S25_L003_R1_001.fastq.gz,HG02624,,SRP305758,PRJNA701308,SAMN41021691,HG02624-1,Hi-C,GENOMIC,ILLUMINA,Illumina NovaSeq 6000,Illumina Sequencing of Omni-C Libraries,University of California Santa Cruz,wseligma@ucsc.edu,unaligned reads,fastq,paired,RANDOM,no shear,25710795066,8.29,0.448764,s3://human-pangenomics/submissions/0176C70E-541E-4163-8589-2948BBDE0682--HPRC-OmniC-100124Pools/HG02624/raw_data/hic/HG02624-1_FC2_S25_L003_R1_001.fastq.gz,25.71,HPRC-OmniC-100124Pools
HG02624-1_FC2_S25_L003_R2_001.fastq.gz,HG02624,,SRP305758,PRJNA701308,SAMN41021691,HG02624-1,Hi-C,GENOMIC,ILLUMINA,Illumina NovaSeq 6000,Illumina Sequencing of Omni-C Libraries,University of California Santa Cruz,wseligma@ucsc.edu,unaligned reads,fastq,paired,RANDOM,no shear,25710795066,8.29,0.401524,s3://human-pangenomics/submissions/0176C70E-541E-4163-8589-2948BBDE0682--HPRC-OmniC-100124Pools/HG02624/raw_data/hic/HG02624-1_FC2_S25_L003_R2_001.fastq.gz,25.71,HPRC-OmniC-100124Pools
HG02624-2_FC1_S26_L003_R1_001.fastq.gz,HG02624,,SRP305758,PRJNA701308,SAMN41021691,HG02624-2,Hi-C,GENOMIC,ILLUMINA,Illumina NovaSeq 6000,Illumina Sequencing of Omni-C Libraries,University of California Santa Cruz,wseligma@ucsc.edu,unaligned reads,fastq,paired,RANDOM,no shear,25134415231,8.11,0.464972,s3://human-pangenomics/submissions/0176C70E-541E-4163-8589-2948BBDE0682--HPRC-OmniC-100124Pools/HG02624/raw_data/hic/HG02624-2_FC1_S26_L003_R1_001.fastq.gz,25.13,HPRC-OmniC-100124Pools
HG02624-2_FC1_S26_L003_R2_001.fastq.gz,HG02624,,SRP305758,PRJNA701308,SAMN41021691,HG02624-2,Hi-C,GENOMIC,ILLUMINA,Illumina NovaSeq 6000,Illumina Sequencing of Omni-C Libraries,University of California Santa Cruz,wseligma@ucsc.edu,unaligned reads,fastq,paired,RANDOM,no shear,25134415231,8.11,0.410119,s3://human-pangenomics/submissions/0176C70E-541E-4163-8589-2948BBDE0682--HPRC-OmniC-100124Pools/HG02624/raw_data/hic/HG02624-2_FC1_S26_L003_R2_001.fastq.gz,25.13,HPRC-OmniC-100124Pools
HG02624-2_FC2_S26_L003_R1_001.fastq.gz,HG02624,,SRP305758,PRJNA701308,SAMN41021691,HG02624-2,Hi-C,GENOMIC,ILLUMINA,Illumina NovaSeq 6000,Illumina Sequencing of Omni-C Libraries,University of California Santa Cruz,wseligma@ucsc.edu,unaligned reads,fastq,paired,RANDOM,no shear,27816494143,8.97,0.461696,s3://human-pangenomics/submissions/0176C70E-541E-4163-8589-2948BBDE0682--HPRC-OmniC-100124Pools/HG02624/raw_data/hic/HG02624-2_FC2_S26_L003_R1_001.fastq.gz,27.82,HPRC-OmniC-100124Pools
HG02624-2_FC2_S26_L003_R2_001.fastq.gz,HG02624,,SRP305758,PRJNA701308,SAMN41021691,HG02624-2,Hi-C,GENOMIC,ILLUMINA,Illumina NovaSeq 6000,Illumina Sequencing of Omni-C Libraries,University of California Santa Cruz,wseligma@ucsc.edu,unaligned reads,fastq,paired,RANDOM,no shear,27816494143,8.97,0.393749,s3://human-pangenomics/submissions/0176C70E-541E-4163-8589-2948BBDE0682--HPRC-OmniC-100124Pools/HG02624/raw_data/hic/HG02624-2_FC2_S26_L003_R2_001.fastq.gz,27.82,HPRC-OmniC-100124Pools
HG03108-1_FC1_S27_L003_R1_001.fastq.gz,HG03108,,SRP305758,PRJNA701308,SAMN41021694,HG03108-1,Hi-C,GENOMIC,ILLUMINA,Illumina NovaSeq 6000,Illumina Sequencing of Omni-C Libraries,University of California Santa Cruz,wseligma@ucsc.edu,unaligned reads,fastq,paired,RANDOM,no shear,30746531363,9.92,0.479991,s3://human-pangenomics/submissions/0176C70E-541E-4163-8589-2948BBDE0682--HPRC-OmniC-100124Pools/HG03108/raw_data/hic/HG03108-1_FC1_S27_L003_R1_001.fastq.gz,30.75,HPRC-OmniC-100124Pools
HG03108-1_FC1_S27_L003_R2_001.fastq.gz,HG03108,,SRP305758,PRJNA701308,SAMN41021694,HG03108-1,Hi-C,GENOMIC,ILLUMINA,Illumina NovaSeq 6000,Illumina Sequencing of Omni-C Libraries,University of California Santa Cruz,wseligma@ucsc.edu,unaligned reads,fastq,paired,RANDOM,no shear,30746531363,9.92,0.388019,s3://human-pangenomics/submissions/0176C70E-541E-4163-8589-2948BBDE0682--HPRC-OmniC-100124Pools/HG03108/raw_data/hic/HG03108-1_FC1_S27_L003_R2_001.fastq.gz,30.75,HPRC-OmniC-100124Pools
HG03108-1_FC2_S27_L003_R1_001.fastq.gz,HG03108,,SRP305758,PRJNA701308,SAMN41021694,HG03108-1,Hi-C,GENOMIC,ILLUMINA,Illumina NovaSeq 6000,Illumina Sequencing of Omni-C Libraries,University of California Santa Cruz,wseligma@ucsc.edu,unaligned reads,fastq,paired,RANDOM,no shear,33861873971,10.92,0.472963,s3://human-pangenomics/submissions/0176C70E-541E-4163-8589-2948BBDE0682--HPRC-OmniC-100124Pools/HG03108/raw_data/hic/HG03108-1_FC2_S27_L003_R1_001.fastq.gz,33.86,HPRC-OmniC-100124Pools
HG03108-1_FC2_S27_L003_R2_001.fastq.gz,HG03108,,SRP305758,PRJNA701308,SAMN41021694,HG03108-1,Hi-C,GENOMIC,ILLUMINA,Illumina NovaSeq 6000,Illumina Sequencing of Omni-C Libraries,University of California Santa Cruz,wseligma@ucsc.edu,unaligned reads,fastq,paired,RANDOM,no shear,33861873971,10.92,0.418851,s3://human-pangenomics/submissions/0176C70E-541E-4163-8589-2948BBDE0682--HPRC-OmniC-100124Pools/HG03108/raw_data/hic/HG03108-1_FC2_S27_L003_R2_001.fastq.gz,33.86,HPRC-OmniC-100124Pools
HG03108-2_FC1_S28_L003_R1_001.fastq.gz,HG03108,,SRP305758,PRJNA701308,SAMN41021694,HG03108-2,Hi-C,GENOMIC,ILLUMINA,Illumina NovaSeq 6000,Illumina Sequencing of Omni-C Libraries,University of California Santa Cruz,wseligma@ucsc.edu,unaligned reads,fastq,paired,RANDOM,no shear,28596115146,9.22,0.477131,s3://human-pangenomics/submissions/0176C70E-541E-4163-8589-2948BBDE0682--HPRC-OmniC-100124Pools/HG03108/raw_data/hic/HG03108-2_FC1_S28_L003_R1_001.fastq.gz,28.60,HPRC-OmniC-100124Pools
HG03108-2_FC1_S28_L003_R2_001.fastq.gz,HG03108,,SRP305758,PRJNA701308,SAMN41021694,HG03108-2,Hi-C,GENOMIC,ILLUMINA,Illumina NovaSeq 6000,Illumina Sequencing of Omni-C Libraries,University of California Santa Cruz,wseligma@ucsc.edu,unaligned reads,fastq,paired,RANDOM,no shear,28596115146,9.22,0.407535,s3://human-pangenomics/submissions/0176C70E-541E-4163-8589-2948BBDE0682--HPRC-OmniC-100124Pools/HG03108/raw_data/hic/HG03108-2_FC1_S28_L003_R2_001.fastq.gz,28.60,HPRC-OmniC-100124Pools
HG03108-2_FC2_S28_L003_R1_001.fastq.gz,HG03108,,SRP305758,PRJNA701308,SAMN41021694,HG03108-2,Hi-C,GENOMIC,ILLUMINA,Illumina NovaSeq 6000,Illumina Sequencing of Omni-C Libraries,University of California Santa Cruz,wseligma@ucsc.edu,unaligned reads,fastq,paired,RANDOM,no shear,31686016670,10.22,0.446933,s3://human-pangenomics/submissions/0176C70E-541E-4163-8589-2948BBDE0682--HPRC-OmniC-100124Pools/HG03108/raw_data/hic/HG03108-2_FC2_S28_L003_R1_001.fastq.gz,31.69,HPRC-OmniC-100124Pools
HG03108-2_FC2_S28_L003_R2_001.fastq.gz,HG03108,,SRP305758,PRJNA701308,SAMN41021694,HG03108-2,Hi-C,GENOMIC,ILLUMINA,Illumina NovaSeq 6000,Illumina Sequencing of Omni-C Libraries,University of California Santa Cruz,wseligma@ucsc.edu,unaligned reads,fastq,paired,RANDOM,no shear,31686016670,10.22,0.393171,s3://human-pangenomics/submissions/0176C70E-541E-4163-8589-2948BBDE0682--HPRC-OmniC-100124Pools/HG03108/raw_data/hic/HG03108-2_FC2_S28_L003_R2_001.fastq.gz,31.69,HPRC-OmniC-100124Pools
HG03271-1_FC1_S33_L003_R1_001.fastq.gz,HG03271,,SRP305758,PRJNA701308,,HG03271-1,Hi-C,GENOMIC,ILLUMINA,Illumina NovaSeq 6000,Illumina Sequencing of Omni-C Libraries,University of California Santa Cruz,wseligma@ucsc.edu,unaligned reads,fastq,paired,RANDOM,no shear,27534307155,8.88,0.438473,s3://human-pangenomics/submissions/0176C70E-541E-4163-8589-2948BBDE0682--HPRC-OmniC-100124Pools/HG03271/raw_data/hic/HG03271-1_FC1_S33_L003_R1_001.fastq.gz,27.53,HPRC-OmniC-100124Pools
HG03271-1_FC1_S33_L003_R2_001.fastq.gz,HG03271,,SRP305758,PRJNA701308,,HG03271-1,Hi-C,GENOMIC,ILLUMINA,Illumina NovaSeq 6000,Illumina Sequencing of Omni-C Libraries,University of California Santa Cruz,wseligma@ucsc.edu,unaligned reads,fastq,paired,RANDOM,no shear,27534307155,8.88,0.401549,s3://human-pangenomics/submissions/0176C70E-541E-4163-8589-2948BBDE0682--HPRC-OmniC-100124Pools/HG03271/raw_data/hic/HG03271-1_FC1_S33_L003_R2_001.fastq.gz,27.53,HPRC-OmniC-100124Pools
HG03271-1_FC2_S33_L003_R1_001.fastq.gz,HG03271,,SRP305758,PRJNA701308,,HG03271-1,Hi-C,GENOMIC,ILLUMINA,Illumina NovaSeq 6000,Illumina Sequencing of Omni-C Libraries,University of California Santa Cruz,wseligma@ucsc.edu,unaligned reads,fastq,paired,RANDOM,no shear,29827340456,9.62,0.48507,s3://human-pangenomics/submissions/0176C70E-541E-4163-8589-2948BBDE0682--HPRC-OmniC-100124Pools/HG03271/raw_data/hic/HG03271-1_FC2_S33_L003_R1_001.fastq.gz,29.83,HPRC-OmniC-100124Pools
HG03271-1_FC2_S33_L003_R2_001.fastq.gz,HG03271,,SRP305758,PRJNA701308,,HG03271-1,Hi-C,GENOMIC,ILLUMINA,Illumina NovaSeq 6000,Illumina Sequencing of Omni-C Libraries,University of California Santa Cruz,wseligma@ucsc.edu,unaligned reads,fastq,paired,RANDOM,no shear,29827340456,9.62,0.440783,s3://human-pangenomics/submissions/0176C70E-541E-4163-8589-2948BBDE0682--HPRC-OmniC-100124Pools/HG03271/raw_data/hic/HG03271-1_FC2_S33_L003_R2_001.fastq.gz,29.83,HPRC-OmniC-100124Pools
HG03271-2_FC1_S34_L003_R1_001.fastq.gz,HG03271,,SRP305758,PRJNA701308,,HG03271-2,Hi-C,GENOMIC,ILLUMINA,Illumina NovaSeq 6000,Illumina Sequencing of Omni-C Libraries,University of California Santa Cruz,wseligma@ucsc.edu,unaligned reads,fastq,paired,RANDOM,no shear,33734845070,10.88,0.449417,s3://human-pangenomics/submissions/0176C70E-541E-4163-8589-2948BBDE0682--HPRC-OmniC-100124Pools/HG03271/raw_data/hic/HG03271-2_FC1_S34_L003_R1_001.fastq.gz,33.73,HPRC-OmniC-100124Pools
HG03271-2_FC1_S34_L003_R2_001.fastq.gz,HG03271,,SRP305758,PRJNA701308,,HG03271-2,Hi-C,GENOMIC,ILLUMINA,Illumina NovaSeq 6000,Illumina Sequencing of Omni-C Libraries,University of California Santa Cruz,wseligma@ucsc.edu,unaligned reads,fastq,paired,RANDOM,no shear,33734845070,10.88,0.396901,s3://human-pangenomics/submissions/0176C70E-541E-4163-8589-2948BBDE0682--HPRC-OmniC-100124Pools/HG03271/raw_data/hic/HG03271-2_FC1_S34_L003_R2_001.fastq.gz,33.73,HPRC-OmniC-100124Pools
HG03271-2_FC2_S34_L003_R1_001.fastq.gz,HG03271,,SRP305758,PRJNA701308,,HG03271-2,Hi-C,GENOMIC,ILLUMINA,Illumina NovaSeq 6000,Illumina Sequencing of Omni-C Libraries,University of California Santa Cruz,wseligma@ucsc.edu,unaligned reads,fastq,paired,RANDOM,no shear,36079192248,11.64,0.47674,s3://human-pangenomics/submissions/0176C70E-541E-4163-8589-2948BBDE0682--HPRC-OmniC-100124Pools/HG03271/raw_data/hic/HG03271-2_FC2_S34_L003_R1_001.fastq.gz,36.08,HPRC-OmniC-100124Pools
HG03271-2_FC2_S34_L003_R2_001.fastq.gz,HG03271,,SRP305758,PRJNA701308,,HG03271-2,Hi-C,GENOMIC,ILLUMINA,Illumina NovaSeq 6000,Illumina Sequencing of Omni-C Libraries,University of California Santa Cruz,wseligma@ucsc.edu,unaligned reads,fastq,paired,RANDOM,no shear,36079192248,11.64,0.409131,s3://human-pangenomics/submissions/0176C70E-541E-4163-8589-2948BBDE0682--HPRC-OmniC-100124Pools/HG03271/raw_data/hic/HG03271-2_FC2_S34_L003_R2_001.fastq.gz,36.08,HPRC-OmniC-100124Pools
HG03343-1_FC1_S17_L002_R1_001.fastq.gz,HG03343,,SRP305758,PRJNA701308,SAMN41021683,HG03343-1,Hi-C,GENOMIC,ILLUMINA,Illumina NovaSeq 6000,Illumina Sequencing of Omni-C Libraries,University of California Santa Cruz,wseligma@ucsc.edu,unaligned reads,fastq,paired,RANDOM,no shear,36604901164,11.81,0.417978,s3://human-pangenomics/submissions/0176C70E-541E-4163-8589-2948BBDE0682--HPRC-OmniC-100124Pools/HG03343/raw_data/hic/HG03343-1_FC1_S17_L002_R1_001.fastq.gz,36.60,HPRC-OmniC-100124Pools
HG03343-1_FC1_S17_L002_R2_001.fastq.gz,HG03343,,SRP305758,PRJNA701308,SAMN41021683,HG03343-1,Hi-C,GENOMIC,ILLUMINA,Illumina NovaSeq 6000,Illumina Sequencing of Omni-C Libraries,University of California Santa Cruz,wseligma@ucsc.edu,unaligned reads,fastq,paired,RANDOM,no shear,36604901164,11.81,0.35565,s3://human-pangenomics/submissions/0176C70E-541E-4163-8589-2948BBDE0682--HPRC-OmniC-100124Pools/HG03343/raw_data/hic/HG03343-1_FC1_S17_L002_R2_001.fastq.gz,36.60,HPRC-OmniC-100124Pools
HG03343-1_FC2_S17_L002_R1_001.fastq.gz,HG03343,,SRP305758,PRJNA701308,SAMN41021683,HG03343-1,Hi-C,GENOMIC,ILLUMINA,Illumina NovaSeq 6000,Illumina Sequencing of Omni-C Libraries,University of California Santa Cruz,wseligma@ucsc.edu,unaligned reads,fastq,paired,RANDOM,no shear,40873537529,13.19,0.427195,s3://human-pangenomics/submissions/0176C70E-541E-4163-8589-2948BBDE0682--HPRC-OmniC-100124Pools/HG03343/raw_data/hic/HG03343-1_FC2_S17_L002_R1_001.fastq.gz,40.87,HPRC-OmniC-100124Pools
HG03343-1_FC2_S17_L002_R2_001.fastq.gz,HG03343,,SRP305758,PRJNA701308,SAMN41021683,HG03343-1,Hi-C,GENOMIC,ILLUMINA,Illumina NovaSeq 6000,Illumina Sequencing of Omni-C Libraries,University of California Santa Cruz,wseligma@ucsc.edu,unaligned reads,fastq,paired,RANDOM,no shear,40873537529,13.19,0.398345,s3://human-pangenomics/submissions/0176C70E-541E-4163-8589-2948BBDE0682--HPRC-OmniC-100124Pools/HG03343/raw_data/hic/HG03343-1_FC2_S17_L002_R2_001.fastq.gz,40.87,HPRC-OmniC-100124Pools
HG03343-2_FC1_S18_L002_R1_001.fastq.gz,HG03343,,SRP305758,PRJNA701308,SAMN41021683,HG03343-2,Hi-C,GENOMIC,ILLUMINA,Illumina NovaSeq 6000,Illumina Sequencing of Omni-C Libraries,University of California Santa Cruz,wseligma@ucsc.edu,unaligned reads,fastq,paired,RANDOM,no shear,29418326605,9.49,0.471623,s3://human-pangenomics/submissions/0176C70E-541E-4163-8589-2948BBDE0682--HPRC-OmniC-100124Pools/HG03343/raw_data/hic/HG03343-2_FC1_S18_L002_R1_001.fastq.gz,29.42,HPRC-OmniC-100124Pools
HG03343-2_FC1_S18_L002_R2_001.fastq.gz,HG03343,,SRP305758,PRJNA701308,SAMN41021683,HG03343-2,Hi-C,GENOMIC,ILLUMINA,Illumina NovaSeq 6000,Illumina Sequencing of Omni-C Libraries,University of California Santa Cruz,wseligma@ucsc.edu,unaligned reads,fastq,paired,RANDOM,no shear,29418326605,9.49,0.3774,s3://human-pangenomics/submissions/0176C70E-541E-4163-8589-2948BBDE0682--HPRC-OmniC-100124Pools/HG03343/raw_data/hic/HG03343-2_FC1_S18_L002_R2_001.fastq.gz,29.42,HPRC-OmniC-100124Pools
HG03343-2_FC2_S18_L002_R1_001.fastq.gz,HG03343,,SRP305758,PRJNA701308,SAMN41021683,HG03343-2,Hi-C,GENOMIC,ILLUMINA,Illumina NovaSeq 6000,Illumina Sequencing of Omni-C Libraries,University of California Santa Cruz,wseligma@ucsc.edu,unaligned reads,fastq,paired,RANDOM,no shear,32194489238,10.39,0.451567,s3://human-pangenomics/submissions/0176C70E-541E-4163-8589-2948BBDE0682--HPRC-OmniC-100124Pools/HG03343/raw_data/hic/HG03343-2_FC2_S18_L002_R1_001.fastq.gz,32.19,HPRC-OmniC-100124Pools
HG03343-2_FC2_S18_L002_R2_001.fastq.gz,HG03343,,SRP305758,PRJNA701308,SAMN41021683,HG03343-2,Hi-C,GENOMIC,ILLUMINA,Illumina NovaSeq 6000,Illumina Sequencing of Omni-C Libraries,University of California Santa Cruz,wseligma@ucsc.edu,unaligned reads,fastq,paired,RANDOM,no shear,32194489238,10.39,0.397327,s3://human-pangenomics/submissions/0176C70E-541E-4163-8589-2948BBDE0682--HPRC-OmniC-100124Pools/HG03343/raw_data/hic/HG03343-2_FC2_S18_L002_R2_001.fastq.gz,32.19,HPRC-OmniC-100124Pools
HG03372-1_FC1_S13_L002_R1_001.fastq.gz,HG03372,,SRP305758,PRJNA701308,SAMN41021693,HG03372-1,Hi-C,GENOMIC,ILLUMINA,Illumina NovaSeq 6000,Illumina Sequencing of Omni-C Libraries,University of California Santa Cruz,wseligma@ucsc.edu,unaligned reads,fastq,paired,RANDOM,no shear,28407734341,9.16,0.428856,s3://human-pangenomics/submissions/0176C70E-541E-4163-8589-2948BBDE0682--HPRC-OmniC-100124Pools/HG03372/raw_data/hic/HG03372-1_FC1_S13_L002_R1_001.fastq.gz,28.41,HPRC-OmniC-100124Pools
HG03372-1_FC1_S13_L002_R2_001.fastq.gz,HG03372,,SRP305758,PRJNA701308,SAMN41021693,HG03372-1,Hi-C,GENOMIC,ILLUMINA,Illumina NovaSeq 6000,Illumina Sequencing of Omni-C Libraries,University of California Santa Cruz,wseligma@ucsc.edu,unaligned reads,fastq,paired,RANDOM,no shear,28407734341,9.16,0.371841,s3://human-pangenomics/submissions/0176C70E-541E-4163-8589-2948BBDE0682--HPRC-OmniC-100124Pools/HG03372/raw_data/hic/HG03372-1_FC1_S13_L002_R2_001.fastq.gz,28.41,HPRC-OmniC-100124Pools
HG03372-1_FC2_S13_L002_R1_001.fastq.gz,HG03372,,SRP305758,PRJNA701308,SAMN41021693,HG03372-1,Hi-C,GENOMIC,ILLUMINA,Illumina NovaSeq 6000,Illumina Sequencing of Omni-C Libraries,University of California Santa Cruz,wseligma@ucsc.edu,unaligned reads,fastq,paired,RANDOM,no shear,32037237083,10.33,0.47345,s3://human-pangenomics/submissions/0176C70E-541E-4163-8589-2948BBDE0682--HPRC-OmniC-100124Pools/HG03372/raw_data/hic/HG03372-1_FC2_S13_L002_R1_001.fastq.gz,32.04,HPRC-OmniC-100124Pools
HG03372-1_FC2_S13_L002_R2_001.fastq.gz,HG03372,,SRP305758,PRJNA701308,SAMN41021693,HG03372-1,Hi-C,GENOMIC,ILLUMINA,Illumina NovaSeq 6000,Illumina Sequencing of Omni-C Libraries,University of California Santa Cruz,wseligma@ucsc.edu,unaligned reads,fastq,paired,RANDOM,no shear,32037237083,10.33,0.388108,s3://human-pangenomics/submissions/0176C70E-541E-4163-8589-2948BBDE0682--HPRC-OmniC-100124Pools/HG03372/raw_data/hic/HG03372-1_FC2_S13_L002_R2_001.fastq.gz,32.04,HPRC-OmniC-100124Pools
HG03372-2_FC1_S14_L002_R1_001.fastq.gz,HG03372,,SRP305758,PRJNA701308,SAMN41021693,HG03372-2,Hi-C,GENOMIC,ILLUMINA,Illumina NovaSeq 6000,Illumina Sequencing of Omni-C Libraries,University of California Santa Cruz,wseligma@ucsc.edu,unaligned reads,fastq,paired,RANDOM,no shear,31915322250,10.3,0.456171,s3://human-pangenomics/submissions/0176C70E-541E-4163-8589-2948BBDE0682--HPRC-OmniC-100124Pools/HG03372/raw_data/hic/HG03372-2_FC1_S14_L002_R1_001.fastq.gz,31.92,HPRC-OmniC-100124Pools
HG03372-2_FC1_S14_L002_R2_001.fastq.gz,HG03372,,SRP305758,PRJNA701308,SAMN41021693,HG03372-2,Hi-C,GENOMIC,ILLUMINA,Illumina NovaSeq 6000,Illumina Sequencing of Omni-C Libraries,University of California Santa Cruz,wseligma@ucsc.edu,unaligned reads,fastq,paired,RANDOM,no shear,31915322250,10.3,0.366213,s3://human-pangenomics/submissions/0176C70E-541E-4163-8589-2948BBDE0682--HPRC-OmniC-100124Pools/HG03372/raw_data/hic/HG03372-2_FC1_S14_L002_R2_001.fastq.gz,31.92,HPRC-OmniC-100124Pools
HG03372-2_FC2_S14_L002_R1_001.fastq.gz,HG03372,,SRP305758,PRJNA701308,SAMN41021693,HG03372-2,Hi-C,GENOMIC,ILLUMINA,Illumina NovaSeq 6000,Illumina Sequencing of Omni-C Libraries,University of California Santa Cruz,wseligma@ucsc.edu,unaligned reads,fastq,paired,RANDOM,no shear,36278026330,11.7,0.455903,s3://human-pangenomics/submissions/0176C70E-541E-4163-8589-2948BBDE0682--HPRC-OmniC-100124Pools/HG03372/raw_data/hic/HG03372-2_FC2_S14_L002_R1_001.fastq.gz,36.28,HPRC-OmniC-100124Pools
HG03372-2_FC2_S14_L002_R2_001.fastq.gz,HG03372,,SRP305758,PRJNA701308,SAMN41021693,HG03372-2,Hi-C,GENOMIC,ILLUMINA,Illumina NovaSeq 6000,Illumina Sequencing of Omni-C Libraries,University of California Santa Cruz,wseligma@ucsc.edu,unaligned reads,fastq,paired,RANDOM,no shear,36278026330,11.7,0.377016,s3://human-pangenomics/submissions/0176C70E-541E-4163-8589-2948BBDE0682--HPRC-OmniC-100124Pools/HG03372/raw_data/hic/HG03372-2_FC2_S14_L002_R2_001.fastq.gz,36.28,HPRC-OmniC-100124Pools
HG03672-1_FC1_S11_L001_R1_001.fastq.gz,HG03672,,SRP305758,PRJNA701308,SAMN41021692,HG03672-1,Hi-C,GENOMIC,ILLUMINA,Illumina NovaSeq 6000,Illumina Sequencing of Omni-C Libraries,University of California Santa Cruz,wseligma@ucsc.edu,unaligned reads,fastq,paired,RANDOM,no shear,28598348889,9.23,0.410149,s3://human-pangenomics/submissions/0176C70E-541E-4163-8589-2948BBDE0682--HPRC-OmniC-100124Pools/HG03672/raw_data/hic/HG03672-1_FC1_S11_L001_R1_001.fastq.gz,28.60,HPRC-OmniC-100124Pools
HG03672-1_FC1_S11_L001_R2_001.fastq.gz,HG03672,,SRP305758,PRJNA701308,SAMN41021692,HG03672-1,Hi-C,GENOMIC,ILLUMINA,Illumina NovaSeq 6000,Illumina Sequencing of Omni-C Libraries,University of California Santa Cruz,wseligma@ucsc.edu,unaligned reads,fastq,paired,RANDOM,no shear,28598348889,9.23,0.376236,s3://human-pangenomics/submissions/0176C70E-541E-4163-8589-2948BBDE0682--HPRC-OmniC-100124Pools/HG03672/raw_data/hic/HG03672-1_FC1_S11_L001_R2_001.fastq.gz,28.60,HPRC-OmniC-100124Pools
HG03672-1_FC2_S11_L001_R1_001.fastq.gz,HG03672,,SRP305758,PRJNA701308,SAMN41021692,HG03672-1,Hi-C,GENOMIC,ILLUMINA,Illumina NovaSeq 6000,Illumina Sequencing of Omni-C Libraries,University of California Santa Cruz,wseligma@ucsc.edu,unaligned reads,fastq,paired,RANDOM,no shear,32342933865,10.43,0.427232,s3://human-pangenomics/submissions/0176C70E-541E-4163-8589-2948BBDE0682--HPRC-OmniC-100124Pools/HG03672/raw_data/hic/HG03672-1_FC2_S11_L001_R1_001.fastq.gz,32.34,HPRC-OmniC-100124Pools
HG03672-1_FC2_S11_L001_R2_001.fastq.gz,HG03672,,SRP305758,PRJNA701308,SAMN41021692,HG03672-1,Hi-C,GENOMIC,ILLUMINA,Illumina NovaSeq 6000,Illumina Sequencing of Omni-C Libraries,University of California Santa Cruz,wseligma@ucsc.edu,unaligned reads,fastq,paired,RANDOM,no shear,32342933865,10.43,0.36616,s3://human-pangenomics/submissions/0176C70E-541E-4163-8589-2948BBDE0682--HPRC-OmniC-100124Pools/HG03672/raw_data/hic/HG03672-1_FC2_S11_L001_R2_001.fastq.gz,32.34,HPRC-OmniC-100124Pools
HG03672-2_FC1_S12_L001_R1_001.fastq.gz,HG03672,,SRP305758,PRJNA701308,SAMN41021692,HG03672-2,Hi-C,GENOMIC,ILLUMINA,Illumina NovaSeq 6000,Illumina Sequencing of Omni-C Libraries,University of California Santa Cruz,wseligma@ucsc.edu,unaligned reads,fastq,paired,RANDOM,no shear,35039815458,11.3,0.401665,s3://human-pangenomics/submissions/0176C70E-541E-4163-8589-2948BBDE0682--HPRC-OmniC-100124Pools/HG03672/raw_data/hic/HG03672-2_FC1_S12_L001_R1_001.fastq.gz,35.04,HPRC-OmniC-100124Pools
HG03672-2_FC1_S12_L001_R2_001.fastq.gz,HG03672,,SRP305758,PRJNA701308,SAMN41021692,HG03672-2,Hi-C,GENOMIC,ILLUMINA,Illumina NovaSeq 6000,Illumina Sequencing of Omni-C Libraries,University of California Santa Cruz,wseligma@ucsc.edu,unaligned reads,fastq,paired,RANDOM,no shear,35039815458,11.3,0.345855,s3://human-pangenomics/submissions/0176C70E-541E-4163-8589-2948BBDE0682--HPRC-OmniC-100124Pools/HG03672/raw_data/hic/HG03672-2_FC1_S12_L001_R2_001.fastq.gz,35.04,HPRC-OmniC-100124Pools
HG03672-2_FC2_S12_L001_R1_001.fastq.gz,HG03672,,SRP305758,PRJNA701308,SAMN41021692,HG03672-2,Hi-C,GENOMIC,ILLUMINA,Illumina NovaSeq 6000,Illumina Sequencing of Omni-C Libraries,University of California Santa Cruz,wseligma@ucsc.edu,unaligned reads,fastq,paired,RANDOM,no shear,39511531421,12.75,0.427325,s3://human-pangenomics/submissions/0176C70E-541E-4163-8589-2948BBDE0682--HPRC-OmniC-100124Pools/HG03672/raw_data/hic/HG03672-2_FC2_S12_L001_R1_001.fastq.gz,39.51,HPRC-OmniC-100124Pools
HG03672-2_FC2_S12_L001_R2_001.fastq.gz,HG03672,,SRP305758,PRJNA701308,SAMN41021692,HG03672-2,Hi-C,GENOMIC,ILLUMINA,Illumina NovaSeq 6000,Illumina Sequencing of Omni-C Libraries,University of California Santa Cruz,wseligma@ucsc.edu,unaligned reads,fastq,paired,RANDOM,no shear,39511531421,12.75,0.37193,s3://human-pangenomics/submissions/0176C70E-541E-4163-8589-2948BBDE0682--HPRC-OmniC-100124Pools/HG03672/raw_data/hic/HG03672-2_FC2_S12_L001_R2_001.fastq.gz,39.51,HPRC-OmniC-100124Pools
HG03890-1_FC1_S43_L004_R1_001.fastq.gz,HG03890,,SRP305758,PRJNA701308,,HG03890-1,Hi-C,GENOMIC,ILLUMINA,Illumina NovaSeq 6000,Illumina Sequencing of Omni-C Libraries,University of California Santa Cruz,wseligma@ucsc.edu,unaligned reads,fastq,paired,RANDOM,no shear,37059963975,11.95,0.426746,s3://human-pangenomics/submissions/0176C70E-541E-4163-8589-2948BBDE0682--HPRC-OmniC-100124Pools/HG03890/raw_data/hic/HG03890-1_FC1_S43_L004_R1_001.fastq.gz,37.06,HPRC-OmniC-100124Pools
HG03890-1_FC1_S43_L004_R2_001.fastq.gz,HG03890,,SRP305758,PRJNA701308,,HG03890-1,Hi-C,GENOMIC,ILLUMINA,Illumina NovaSeq 6000,Illumina Sequencing of Omni-C Libraries,University of California Santa Cruz,wseligma@ucsc.edu,unaligned reads,fastq,paired,RANDOM,no shear,37059963975,11.95,0.378107,s3://human-pangenomics/submissions/0176C70E-541E-4163-8589-2948BBDE0682--HPRC-OmniC-100124Pools/HG03890/raw_data/hic/HG03890-1_FC1_S43_L004_R2_001.fastq.gz,37.06,HPRC-OmniC-100124Pools
HG03890-1_FC2_S43_L004_R1_001.fastq.gz,HG03890,,SRP305758,PRJNA701308,,HG03890-1,Hi-C,GENOMIC,ILLUMINA,Illumina NovaSeq 6000,Illumina Sequencing of Omni-C Libraries,University of California Santa Cruz,wseligma@ucsc.edu,unaligned reads,fastq,paired,RANDOM,no shear,40626756719,13.11,0.420813,s3://human-pangenomics/submissions/0176C70E-541E-4163-8589-2948BBDE0682--HPRC-OmniC-100124Pools/HG03890/raw_data/hic/HG03890-1_FC2_S43_L004_R1_001.fastq.gz,40.63,HPRC-OmniC-100124Pools
HG03890-1_FC2_S43_L004_R2_001.fastq.gz,HG03890,,SRP305758,PRJNA701308,,HG03890-1,Hi-C,GENOMIC,ILLUMINA,Illumina NovaSeq 6000,Illumina Sequencing of Omni-C Libraries,University of California Santa Cruz,wseligma@ucsc.edu,unaligned reads,fastq,paired,RANDOM,no shear,40626756719,13.11,0.412336,s3://human-pangenomics/submissions/0176C70E-541E-4163-8589-2948BBDE0682--HPRC-OmniC-100124Pools/HG03890/raw_data/hic/HG03890-1_FC2_S43_L004_R2_001.fastq.gz,40.63,HPRC-OmniC-100124Pools
HG03890-2_FC1_S44_L004_R1_001.fastq.gz,HG03890,,SRP305758,PRJNA701308,,HG03890-2,Hi-C,GENOMIC,ILLUMINA,Illumina NovaSeq 6000,Illumina Sequencing of Omni-C Libraries,University of California Santa Cruz,wseligma@ucsc.edu,unaligned reads,fastq,paired,RANDOM,no shear,26508187259,8.55,0.49364,s3://human-pangenomics/submissions/0176C70E-541E-4163-8589-2948BBDE0682--HPRC-OmniC-100124Pools/HG03890/raw_data/hic/HG03890-2_FC1_S44_L004_R1_001.fastq.gz,26.51,HPRC-OmniC-100124Pools
HG03890-2_FC1_S44_L004_R2_001.fastq.gz,HG03890,,SRP305758,PRJNA701308,,HG03890-2,Hi-C,GENOMIC,ILLUMINA,Illumina NovaSeq 6000,Illumina Sequencing of Omni-C Libraries,University of California Santa Cruz,wseligma@ucsc.edu,unaligned reads,fastq,paired,RANDOM,no shear,26508187259,8.55,0.41664,s3://human-pangenomics/submissions/0176C70E-541E-4163-8589-2948BBDE0682--HPRC-OmniC-100124Pools/HG03890/raw_data/hic/HG03890-2_FC1_S44_L004_R2_001.fastq.gz,26.51,HPRC-OmniC-100124Pools
HG03890-2_FC2_S44_L004_R1_001.fastq.gz,HG03890,,SRP305758,PRJNA701308,,HG03890-2,Hi-C,GENOMIC,ILLUMINA,Illumina NovaSeq 6000,Illumina Sequencing of Omni-C Libraries,University of California Santa Cruz,wseligma@ucsc.edu,unaligned reads,fastq,paired,RANDOM,no shear,28873954693,9.31,0.495064,s3://human-pangenomics/submissions/0176C70E-541E-4163-8589-2948BBDE0682--HPRC-OmniC-100124Pools/HG03890/raw_data/hic/HG03890-2_FC2_S44_L004_R1_001.fastq.gz,28.87,HPRC-OmniC-100124Pools
HG03890-2_FC2_S44_L004_R2_001.fastq.gz,HG03890,,SRP305758,PRJNA701308,,HG03890-2,Hi-C,GENOMIC,ILLUMINA,Illumina NovaSeq 6000,Illumina Sequencing of Omni-C Libraries,University of California Santa Cruz,wseligma@ucsc.edu,unaligned reads,fastq,paired,RANDOM,no shear,28873954693,9.31,0.456782,s3://human-pangenomics/submissions/0176C70E-541E-4163-8589-2948BBDE0682--HPRC-OmniC-100124Pools/HG03890/raw_data/hic/HG03890-2_FC2_S44_L004_R2_001.fastq.gz,28.87,HPRC-OmniC-100124Pools
HG04225-1_FC1_S23_L002_R1_001.fastq.gz,HG04225,,SRP305758,PRJNA701308,SAMN41021689,HG04225-1,Hi-C,GENOMIC,ILLUMINA,Illumina NovaSeq 6000,Illumina Sequencing of Omni-C Libraries,University of California Santa Cruz,wseligma@ucsc.edu,unaligned reads,fastq,paired,RANDOM,no shear,39625622642,12.78,0.459942,s3://human-pangenomics/submissions/0176C70E-541E-4163-8589-2948BBDE0682--HPRC-OmniC-100124Pools/HG04225/raw_data/hic/HG04225-1_FC1_S23_L002_R1_001.fastq.gz,39.63,HPRC-OmniC-100124Pools
HG04225-1_FC1_S23_L002_R2_001.fastq.gz,HG04225,,SRP305758,PRJNA701308,SAMN41021689,HG04225-1,Hi-C,GENOMIC,ILLUMINA,Illumina NovaSeq 6000,Illumina Sequencing of Omni-C Libraries,University of California Santa Cruz,wseligma@ucsc.edu,unaligned reads,fastq,paired,RANDOM,no shear,39625622642,12.78,0.383048,s3://human-pangenomics/submissions/0176C70E-541E-4163-8589-2948BBDE0682--HPRC-OmniC-100124Pools/HG04225/raw_data/hic/HG04225-1_FC1_S23_L002_R2_001.fastq.gz,39.63,HPRC-OmniC-100124Pools
HG04225-1_FC2_S23_L002_R1_001.fastq.gz,HG04225,,SRP305758,PRJNA701308,SAMN41021689,HG04225-1,Hi-C,GENOMIC,ILLUMINA,Illumina NovaSeq 6000,Illumina Sequencing of Omni-C Libraries,University of California Santa Cruz,wseligma@ucsc.edu,unaligned reads,fastq,paired,RANDOM,no shear,43473404642,14.02,0.445709,s3://human-pangenomics/submissions/0176C70E-541E-4163-8589-2948BBDE0682--HPRC-OmniC-100124Pools/HG04225/raw_data/hic/HG04225-1_FC2_S23_L002_R1_001.fastq.gz,43.47,HPRC-OmniC-100124Pools
HG04225-1_FC2_S23_L002_R2_001.fastq.gz,HG04225,,SRP305758,PRJNA701308,SAMN41021689,HG04225-1,Hi-C,GENOMIC,ILLUMINA,Illumina NovaSeq 6000,Illumina Sequencing of Omni-C Libraries,University of California Santa Cruz,wseligma@ucsc.edu,unaligned reads,fastq,paired,RANDOM,no shear,43473404642,14.02,0.397024,s3://human-pangenomics/submissions/0176C70E-541E-4163-8589-2948BBDE0682--HPRC-OmniC-100124Pools/HG04225/raw_data/hic/HG04225-1_FC2_S23_L002_R2_001.fastq.gz,43.47,HPRC-OmniC-100124Pools
HG04225-2_FC1_S24_L002_R1_001.fastq.gz,HG04225,,SRP305758,PRJNA701308,SAMN41021689,HG04225-2,Hi-C,GENOMIC,ILLUMINA,Illumina NovaSeq 6000,Illumina Sequencing of Omni-C Libraries,University of California Santa Cruz,wseligma@ucsc.edu,unaligned reads,fastq,paired,RANDOM,no shear,7097787918,2.29,0.604426,s3://human-pangenomics/submissions/0176C70E-541E-4163-8589-2948BBDE0682--HPRC-OmniC-100124Pools/HG04225/raw_data/hic/HG04225-2_FC1_S24_L002_R1_001.fastq.gz,7.10,HPRC-OmniC-100124Pools
HG04225-2_FC1_S24_L002_R2_001.fastq.gz,HG04225,,SRP305758,PRJNA701308,SAMN41021689,HG04225-2,Hi-C,GENOMIC,ILLUMINA,Illumina NovaSeq 6000,Illumina Sequencing of Omni-C Libraries,University of California Santa Cruz,wseligma@ucsc.edu,unaligned reads,fastq,paired,RANDOM,no shear,7097787918,2.29,0.555719,s3://human-pangenomics/submissions/0176C70E-541E-4163-8589-2948BBDE0682--HPRC-OmniC-100124Pools/HG04225/raw_data/hic/HG04225-2_FC1_S24_L002_R2_001.fastq.gz,7.10,HPRC-OmniC-100124Pools
HG04225-2_FC2_S24_L002_R1_001.fastq.gz,HG04225,,SRP305758,PRJNA701308,SAMN41021689,HG04225-2,Hi-C,GENOMIC,ILLUMINA,Illumina NovaSeq 6000,Illumina Sequencing of Omni-C Libraries,University of California Santa Cruz,wseligma@ucsc.edu,unaligned reads,fastq,paired,RANDOM,no shear,7365322470,2.38,0.625006,s3://human-pangenomics/submissions/0176C70E-541E-4163-8589-2948BBDE0682--HPRC-OmniC-100124Pools/HG04225/raw_data/hic/HG04225-2_FC2_S24_L002_R1_001.fastq.gz,7.37,HPRC-OmniC-100124Pools
HG04225-2_FC2_S24_L002_R2_001.fastq.gz,HG04225,,SRP305758,PRJNA701308,SAMN41021689,HG04225-2,Hi-C,GENOMIC,ILLUMINA,Illumina NovaSeq 6000,Illumina Sequencing of Omni-C Libraries,University of California Santa Cruz,wseligma@ucsc.edu,unaligned reads,fastq,paired,RANDOM,no shear,7365322470,2.38,0.611805,s3://human-pangenomics/submissions/0176C70E-541E-4163-8589-2948BBDE0682--HPRC-OmniC-100124Pools/HG04225/raw_data/hic/HG04225-2_FC2_S24_L002_R2_001.fastq.gz,7.37,HPRC-OmniC-100124Pools
NA18511-1_FC1_S41_L004_R1_001.fastq.gz,NA18511,,SRP305758,PRJNA701308,,NA18511-1,Hi-C,GENOMIC,ILLUMINA,Illumina NovaSeq 6000,Illumina Sequencing of Omni-C Libraries,University of California Santa Cruz,wseligma@ucsc.edu,unaligned reads,fastq,paired,RANDOM,no shear,30111382630,9.71,0.447644,s3://human-pangenomics/submissions/0176C70E-541E-4163-8589-2948BBDE0682--HPRC-OmniC-100124Pools/NA18511/raw_data/hic/NA18511-1_FC1_S41_L004_R1_001.fastq.gz,30.11,HPRC-OmniC-100124Pools
NA18511-1_FC1_S41_L004_R2_001.fastq.gz,NA18511,,SRP305758,PRJNA701308,,NA18511-1,Hi-C,GENOMIC,ILLUMINA,Illumina NovaSeq 6000,Illumina Sequencing of Omni-C Libraries,University of California Santa Cruz,wseligma@ucsc.edu,unaligned reads,fastq,paired,RANDOM,no shear,30111382630,9.71,0.422392,s3://human-pangenomics/submissions/0176C70E-541E-4163-8589-2948BBDE0682--HPRC-OmniC-100124Pools/NA18511/raw_data/hic/NA18511-1_FC1_S41_L004_R2_001.fastq.gz,30.11,HPRC-OmniC-100124Pools
NA18511-1_FC2_S41_L004_R1_001.fastq.gz,NA18511,,SRP305758,PRJNA701308,,NA18511-1,Hi-C,GENOMIC,ILLUMINA,Illumina NovaSeq 6000,Illumina Sequencing of Omni-C Libraries,University of California Santa Cruz,wseligma@ucsc.edu,unaligned reads,fastq,paired,RANDOM,no shear,32881815568,10.61,0.445283,s3://human-pangenomics/submissions/0176C70E-541E-4163-8589-2948BBDE0682--HPRC-OmniC-100124Pools/NA18511/raw_data/hic/NA18511-1_FC2_S41_L004_R1_001.fastq.gz,32.88,HPRC-OmniC-100124Pools
NA18511-1_FC2_S41_L004_R2_001.fastq.gz,NA18511,,SRP305758,PRJNA701308,,NA18511-1,Hi-C,GENOMIC,ILLUMINA,Illumina NovaSeq 6000,Illumina Sequencing of Omni-C Libraries,University of California Santa Cruz,wseligma@ucsc.edu,unaligned reads,fastq,paired,RANDOM,no shear,32881815568,10.61,0.401523,s3://human-pangenomics/submissions/0176C70E-541E-4163-8589-2948BBDE0682--HPRC-OmniC-100124Pools/NA18511/raw_data/hic/NA18511-1_FC2_S41_L004_R2_001.fastq.gz,32.88,HPRC-OmniC-100124Pools
NA18511-2_FC1_S42_L004_R1_001.fastq.gz,NA18511,,SRP305758,PRJNA701308,,NA18511-2,Hi-C,GENOMIC,ILLUMINA,Illumina NovaSeq 6000,Illumina Sequencing of Omni-C Libraries,University of California Santa Cruz,wseligma@ucsc.edu,unaligned reads,fastq,paired,RANDOM,no shear,28890212259,9.32,0.433693,s3://human-pangenomics/submissions/0176C70E-541E-4163-8589-2948BBDE0682--HPRC-OmniC-100124Pools/NA18511/raw_data/hic/NA18511-2_FC1_S42_L004_R1_001.fastq.gz,28.89,HPRC-OmniC-100124Pools
NA18511-2_FC1_S42_L004_R2_001.fastq.gz,NA18511,,SRP305758,PRJNA701308,,NA18511-2,Hi-C,GENOMIC,ILLUMINA,Illumina NovaSeq 6000,Illumina Sequencing of Omni-C Libraries,University of California Santa Cruz,wseligma@ucsc.edu,unaligned reads,fastq,paired,RANDOM,no shear,28890212259,9.32,0.383596,s3://human-pangenomics/submissions/0176C70E-541E-4163-8589-2948BBDE0682--HPRC-OmniC-100124Pools/NA18511/raw_data/hic/NA18511-2_FC1_S42_L004_R2_001.fastq.gz,28.89,HPRC-OmniC-100124Pools
NA18511-2_FC2_S42_L004_R1_001.fastq.gz,NA18511,,SRP305758,PRJNA701308,,NA18511-2,Hi-C,GENOMIC,ILLUMINA,Illumina NovaSeq 6000,Illumina Sequencing of Omni-C Libraries,University of California Santa Cruz,wseligma@ucsc.edu,unaligned reads,fastq,paired,RANDOM,no shear,32158370189,10.37,0.437618,s3://human-pangenomics/submissions/0176C70E-541E-4163-8589-2948BBDE0682--HPRC-OmniC-100124Pools/NA18511/raw_data/hic/NA18511-2_FC2_S42_L004_R1_001.fastq.gz,32.16,HPRC-OmniC-100124Pools
NA18511-2_FC2_S42_L004_R2_001.fastq.gz,NA18511,,SRP305758,PRJNA701308,,NA18511-2,Hi-C,GENOMIC,ILLUMINA,Illumina NovaSeq 6000,Illumina Sequencing of Omni-C Libraries,University of California Santa Cruz,wseligma@ucsc.edu,unaligned reads,fastq,paired,RANDOM,no shear,32158370189,10.37,0.397049,s3://human-pangenomics/submissions/0176C70E-541E-4163-8589-2948BBDE0682--HPRC-OmniC-100124Pools/NA18511/raw_data/hic/NA18511-2_FC2_S42_L004_R2_001.fastq.gz,32.16,HPRC-OmniC-100124Pools
NA19012-1_FC1_S19_L002_R1_001.fastq.gz,NA19012,,SRP305758,PRJNA701308,SAMN41021690,NA19012-1,Hi-C,GENOMIC,ILLUMINA,Illumina NovaSeq 6000,Illumina Sequencing of Omni-C Libraries,University of California Santa Cruz,wseligma@ucsc.edu,unaligned reads,fastq,paired,RANDOM,no shear,34772315485,11.22,0.438113,s3://human-pangenomics/submissions/0176C70E-541E-4163-8589-2948BBDE0682--HPRC-OmniC-100124Pools/NA19012/raw_data/hic/NA19012-1_FC1_S19_L002_R1_001.fastq.gz,34.77,HPRC-OmniC-100124Pools
NA19012-1_FC1_S19_L002_R2_001.fastq.gz,NA19012,,SRP305758,PRJNA701308,SAMN41021690,NA19012-1,Hi-C,GENOMIC,ILLUMINA,Illumina NovaSeq 6000,Illumina Sequencing of Omni-C Libraries,University of California Santa Cruz,wseligma@ucsc.edu,unaligned reads,fastq,paired,RANDOM,no shear,34772315485,11.22,0.383034,s3://human-pangenomics/submissions/0176C70E-541E-4163-8589-2948BBDE0682--HPRC-OmniC-100124Pools/NA19012/raw_data/hic/NA19012-1_FC1_S19_L002_R2_001.fastq.gz,34.77,HPRC-OmniC-100124Pools
NA19012-1_FC2_S19_L002_R1_001.fastq.gz,NA19012,,SRP305758,PRJNA701308,SAMN41021690,NA19012-1,Hi-C,GENOMIC,ILLUMINA,Illumina NovaSeq 6000,Illumina Sequencing of Omni-C Libraries,University of California Santa Cruz,wseligma@ucsc.edu,unaligned reads,fastq,paired,RANDOM,no shear,38834214881,12.53,0.455011,s3://human-pangenomics/submissions/0176C70E-541E-4163-8589-2948BBDE0682--HPRC-OmniC-100124Pools/NA19012/raw_data/hic/NA19012-1_FC2_S19_L002_R1_001.fastq.gz,38.83,HPRC-OmniC-100124Pools
NA19012-1_FC2_S19_L002_R2_001.fastq.gz,NA19012,,SRP305758,PRJNA701308,SAMN41021690,NA19012-1,Hi-C,GENOMIC,ILLUMINA,Illumina NovaSeq 6000,Illumina Sequencing of Omni-C Libraries,University of California Santa Cruz,wseligma@ucsc.edu,unaligned reads,fastq,paired,RANDOM,no shear,38834214881,12.53,0.374379,s3://human-pangenomics/submissions/0176C70E-541E-4163-8589-2948BBDE0682--HPRC-OmniC-100124Pools/NA19012/raw_data/hic/NA19012-1_FC2_S19_L002_R2_001.fastq.gz,38.83,HPRC-OmniC-100124Pools
NA19012-2_FC1_S20_L002_R1_001.fastq.gz,NA19012,,SRP305758,PRJNA701308,SAMN41021690,NA19012-2,Hi-C,GENOMIC,ILLUMINA,Illumina NovaSeq 6000,Illumina Sequencing of Omni-C Libraries,University of California Santa Cruz,wseligma@ucsc.edu,unaligned reads,fastq,paired,RANDOM,no shear,23375781047,7.54,0.494868,s3://human-pangenomics/submissions/0176C70E-541E-4163-8589-2948BBDE0682--HPRC-OmniC-100124Pools/NA19012/raw_data/hic/NA19012-2_FC1_S20_L002_R1_001.fastq.gz,23.38,HPRC-OmniC-100124Pools
NA19012-2_FC1_S20_L002_R2_001.fastq.gz,NA19012,,SRP305758,PRJNA701308,SAMN41021690,NA19012-2,Hi-C,GENOMIC,ILLUMINA,Illumina NovaSeq 6000,Illumina Sequencing of Omni-C Libraries,University of California Santa Cruz,wseligma@ucsc.edu,unaligned reads,fastq,paired,RANDOM,no shear,23375781047,7.54,0.442379,s3://human-pangenomics/submissions/0176C70E-541E-4163-8589-2948BBDE0682--HPRC-OmniC-100124Pools/NA19012/raw_data/hic/NA19012-2_FC1_S20_L002_R2_001.fastq.gz,23.38,HPRC-OmniC-100124Pools
NA19012-2_FC2_S20_L002_R1_001.fastq.gz,NA19012,,SRP305758,PRJNA701308,SAMN41021690,NA19012-2,Hi-C,GENOMIC,ILLUMINA,Illumina NovaSeq 6000,Illumina Sequencing of Omni-C Libraries,University of California Santa Cruz,wseligma@ucsc.edu,unaligned reads,fastq,paired,RANDOM,no shear,26687545059,8.61,0.453126,s3://human-pangenomics/submissions/0176C70E-541E-4163-8589-2948BBDE0682--HPRC-OmniC-100124Pools/NA19012/raw_data/hic/NA19012-2_FC2_S20_L002_R1_001.fastq.gz,26.69,HPRC-OmniC-100124Pools
NA19012-2_FC2_S20_L002_R2_001.fastq.gz,NA19012,,SRP305758,PRJNA701308,SAMN41021690,NA19012-2,Hi-C,GENOMIC,ILLUMINA,Illumina NovaSeq 6000,Illumina Sequencing of Omni-C Libraries,University of California Santa Cruz,wseligma@ucsc.edu,unaligned reads,fastq,paired,RANDOM,no shear,26687545059,8.61,0.386841,s3://human-pangenomics/submissions/0176C70E-541E-4163-8589-2948BBDE0682--HPRC-OmniC-100124Pools/NA19012/raw_data/hic/NA19012-2_FC2_S20_L002_R2_001.fastq.gz,26.69,HPRC-OmniC-100124Pools
NA19099-1_FC1_S1_L001_R1_001.fastq.gz,NA19099,,SRP305758,PRJNA701308,SAMN41021682,NA19099-1,Hi-C,GENOMIC,ILLUMINA,Illumina NovaSeq 6000,Illumina Sequencing of Omni-C Libraries,University of California Santa Cruz,wseligma@ucsc.edu,unaligned reads,fastq,paired,RANDOM,no shear,25473780181,8.22,0.471594,s3://human-pangenomics/submissions/0176C70E-541E-4163-8589-2948BBDE0682--HPRC-OmniC-100124Pools/NA19099/raw_data/hic/NA19099-1_FC1_S1_L001_R1_001.fastq.gz,25.47,HPRC-OmniC-100124Pools
NA19099-1_FC1_S1_L001_R2_001.fastq.gz,NA19099,,SRP305758,PRJNA701308,SAMN41021682,NA19099-1,Hi-C,GENOMIC,ILLUMINA,Illumina NovaSeq 6000,Illumina Sequencing of Omni-C Libraries,University of California Santa Cruz,wseligma@ucsc.edu,unaligned reads,fastq,paired,RANDOM,no shear,25473780181,8.22,0.4076,s3://human-pangenomics/submissions/0176C70E-541E-4163-8589-2948BBDE0682--HPRC-OmniC-100124Pools/NA19099/raw_data/hic/NA19099-1_FC1_S1_L001_R2_001.fastq.gz,25.47,HPRC-OmniC-100124Pools
NA19099-1_FC2_S1_L001_R1_001.fastq.gz,NA19099,,SRP305758,PRJNA701308,SAMN41021682,NA19099-1,Hi-C,GENOMIC,ILLUMINA,Illumina NovaSeq 6000,Illumina Sequencing of Omni-C Libraries,University of California Santa Cruz,wseligma@ucsc.edu,unaligned reads,fastq,paired,RANDOM,no shear,29030509379,9.36,0.467248,s3://human-pangenomics/submissions/0176C70E-541E-4163-8589-2948BBDE0682--HPRC-OmniC-100124Pools/NA19099/raw_data/hic/NA19099-1_FC2_S1_L001_R1_001.fastq.gz,29.03,HPRC-OmniC-100124Pools
NA19099-1_FC2_S1_L001_R2_001.fastq.gz,NA19099,,SRP305758,PRJNA701308,SAMN41021682,NA19099-1,Hi-C,GENOMIC,ILLUMINA,Illumina NovaSeq 6000,Illumina Sequencing of Omni-C Libraries,University of California Santa Cruz,wseligma@ucsc.edu,unaligned reads,fastq,paired,RANDOM,no shear,29030509379,9.36,0.42074,s3://human-pangenomics/submissions/0176C70E-541E-4163-8589-2948BBDE0682--HPRC-OmniC-100124Pools/NA19099/raw_data/hic/NA19099-1_FC2_S1_L001_R2_001.fastq.gz,29.03,HPRC-OmniC-100124Pools
NA19099-2_FC1_S2_L001_R1_001.fastq.gz,NA19099,,SRP305758,PRJNA701308,SAMN41021682,NA19099-2,Hi-C,GENOMIC,ILLUMINA,Illumina NovaSeq 6000,Illumina Sequencing of Omni-C Libraries,University of California Santa Cruz,wseligma@ucsc.edu,unaligned reads,fastq,paired,RANDOM,no shear,28923930106,9.33,0.440511,s3://human-pangenomics/submissions/0176C70E-541E-4163-8589-2948BBDE0682--HPRC-OmniC-100124Pools/NA19099/raw_data/hic/NA19099-2_FC1_S2_L001_R1_001.fastq.gz,28.92,HPRC-OmniC-100124Pools
NA19099-2_FC1_S2_L001_R2_001.fastq.gz,NA19099,,SRP305758,PRJNA701308,SAMN41021682,NA19099-2,Hi-C,GENOMIC,ILLUMINA,Illumina NovaSeq 6000,Illumina Sequencing of Omni-C Libraries,University of California Santa Cruz,wseligma@ucsc.edu,unaligned reads,fastq,paired,RANDOM,no shear,28923930106,9.33,0.391745,s3://human-pangenomics/submissions/0176C70E-541E-4163-8589-2948BBDE0682--HPRC-OmniC-100124Pools/NA19099/raw_data/hic/NA19099-2_FC1_S2_L001_R2_001.fastq.gz,28.92,HPRC-OmniC-100124Pools
NA19099-2_FC2_S2_L001_R1_001.fastq.gz,NA19099,,SRP305758,PRJNA701308,SAMN41021682,NA19099-2,Hi-C,GENOMIC,ILLUMINA,Illumina NovaSeq 6000,Illumina Sequencing of Omni-C Libraries,University of California Santa Cruz,wseligma@ucsc.edu,unaligned reads,fastq,paired,RANDOM,no shear,33318698734,10.75,0.483476,s3://human-pangenomics/submissions/0176C70E-541E-4163-8589-2948BBDE0682--HPRC-OmniC-100124Pools/NA19099/raw_data/hic/NA19099-2_FC2_S2_L001_R1_001.fastq.gz,33.32,HPRC-OmniC-100124Pools
NA19099-2_FC2_S2_L001_R2_001.fastq.gz,NA19099,,SRP305758,PRJNA701308,SAMN41021682,NA19099-2,Hi-C,GENOMIC,ILLUMINA,Illumina NovaSeq 6000,Illumina Sequencing of Omni-C Libraries,University of California Santa Cruz,wseligma@ucsc.edu,unaligned reads,fastq,paired,RANDOM,no shear,33318698734,10.75,0.408208,s3://human-pangenomics/submissions/0176C70E-541E-4163-8589-2948BBDE0682--HPRC-OmniC-100124Pools/NA19099/raw_data/hic/NA19099-2_FC2_S2_L001_R2_001.fastq.gz,33.32,HPRC-OmniC-100124Pools
NA19190-1_FC1_S9_L001_R1_001.fastq.gz,NA19190,,SRP305758,PRJNA701308,SAMN41021688,NA19190-1,Hi-C,GENOMIC,ILLUMINA,Illumina NovaSeq 6000,Illumina Sequencing of Omni-C Libraries,University of California Santa Cruz,wseligma@ucsc.edu,unaligned reads,fastq,paired,RANDOM,no shear,29178254121,9.41,0.47609,s3://human-pangenomics/submissions/0176C70E-541E-4163-8589-2948BBDE0682--HPRC-OmniC-100124Pools/NA19190/raw_data/hic/NA19190-1_FC1_S9_L001_R1_001.fastq.gz,29.18,HPRC-OmniC-100124Pools
NA19190-1_FC1_S9_L001_R2_001.fastq.gz,NA19190,,SRP305758,PRJNA701308,SAMN41021688,NA19190-1,Hi-C,GENOMIC,ILLUMINA,Illumina NovaSeq 6000,Illumina Sequencing of Omni-C Libraries,University of California Santa Cruz,wseligma@ucsc.edu,unaligned reads,fastq,paired,RANDOM,no shear,29178254121,9.41,0.403638,s3://human-pangenomics/submissions/0176C70E-541E-4163-8589-2948BBDE0682--HPRC-OmniC-100124Pools/NA19190/raw_data/hic/NA19190-1_FC1_S9_L001_R2_001.fastq.gz,29.18,HPRC-OmniC-100124Pools
NA19190-1_FC2_S9_L001_R1_001.fastq.gz,NA19190,,SRP305758,PRJNA701308,SAMN41021688,NA19190-1,Hi-C,GENOMIC,ILLUMINA,Illumina NovaSeq 6000,Illumina Sequencing of Omni-C Libraries,University of California Santa Cruz,wseligma@ucsc.edu,unaligned reads,fastq,paired,RANDOM,no shear,32983165409,10.64,0.462454,s3://human-pangenomics/submissions/0176C70E-541E-4163-8589-2948BBDE0682--HPRC-OmniC-100124Pools/NA19190/raw_data/hic/NA19190-1_FC2_S9_L001_R1_001.fastq.gz,32.98,HPRC-OmniC-100124Pools
NA19190-1_FC2_S9_L001_R2_001.fastq.gz,NA19190,,SRP305758,PRJNA701308,SAMN41021688,NA19190-1,Hi-C,GENOMIC,ILLUMINA,Illumina NovaSeq 6000,Illumina Sequencing of Omni-C Libraries,University of California Santa Cruz,wseligma@ucsc.edu,unaligned reads,fastq,paired,RANDOM,no shear,32983165409,10.64,0.394288,s3://human-pangenomics/submissions/0176C70E-541E-4163-8589-2948BBDE0682--HPRC-OmniC-100124Pools/NA19190/raw_data/hic/NA19190-1_FC2_S9_L001_R2_001.fastq.gz,32.98,HPRC-OmniC-100124Pools
NA19190-2_FC1_S10_L001_R1_001.fastq.gz,NA19190,,SRP305758,PRJNA701308,SAMN41021688,NA19190-2,Hi-C,GENOMIC,ILLUMINA,Illumina NovaSeq 6000,Illumina Sequencing of Omni-C Libraries,University of California Santa Cruz,wseligma@ucsc.edu,unaligned reads,fastq,paired,RANDOM,no shear,32725719620,10.56,0.440035,s3://human-pangenomics/submissions/0176C70E-541E-4163-8589-2948BBDE0682--HPRC-OmniC-100124Pools/NA19190/raw_data/hic/NA19190-2_FC1_S10_L001_R1_001.fastq.gz,32.73,HPRC-OmniC-100124Pools
NA19190-2_FC1_S10_L001_R2_001.fastq.gz,NA19190,,SRP305758,PRJNA701308,SAMN41021688,NA19190-2,Hi-C,GENOMIC,ILLUMINA,Illumina NovaSeq 6000,Illumina Sequencing of Omni-C Libraries,University of California Santa Cruz,wseligma@ucsc.edu,unaligned reads,fastq,paired,RANDOM,no shear,32725719620,10.56,0.41972,s3://human-pangenomics/submissions/0176C70E-541E-4163-8589-2948BBDE0682--HPRC-OmniC-100124Pools/NA19190/raw_data/hic/NA19190-2_FC1_S10_L001_R2_001.fastq.gz,32.73,HPRC-OmniC-100124Pools
NA19190-2_FC2_S10_L001_R1_001.fastq.gz,NA19190,,SRP305758,PRJNA701308,SAMN41021688,NA19190-2,Hi-C,GENOMIC,ILLUMINA,Illumina NovaSeq 6000,Illumina Sequencing of Omni-C Libraries,University of California Santa Cruz,wseligma@ucsc.edu,unaligned reads,fastq,paired,RANDOM,no shear,37172855803,11.99,0.458268,s3://human-pangenomics/submissions/0176C70E-541E-4163-8589-2948BBDE0682--HPRC-OmniC-100124Pools/NA19190/raw_data/hic/NA19190-2_FC2_S10_L001_R1_001.fastq.gz,37.17,HPRC-OmniC-100124Pools
NA19190-2_FC2_S10_L001_R2_001.fastq.gz,NA19190,,SRP305758,PRJNA701308,SAMN41021688,NA19190-2,Hi-C,GENOMIC,ILLUMINA,Illumina NovaSeq 6000,Illumina Sequencing of Omni-C Libraries,University of California Santa Cruz,wseligma@ucsc.edu,unaligned reads,fastq,paired,RANDOM,no shear,37172855803,11.99,0.41281,s3://human-pangenomics/submissions/0176C70E-541E-4163-8589-2948BBDE0682--HPRC-OmniC-100124Pools/NA19190/raw_data/hic/NA19190-2_FC2_S10_L001_R2_001.fastq.gz,37.17,HPRC-OmniC-100124Pools
NA19360-1_FC1_S31_L003_R1_001.fastq.gz,NA19360,,SRP305758,PRJNA701308,,NA19360-1,Hi-C,GENOMIC,ILLUMINA,Illumina NovaSeq 6000,Illumina Sequencing of Omni-C Libraries,University of California Santa Cruz,wseligma@ucsc.edu,unaligned reads,fastq,paired,RANDOM,no shear,29725527347,9.59,0.458521,s3://human-pangenomics/submissions/0176C70E-541E-4163-8589-2948BBDE0682--HPRC-OmniC-100124Pools/NA19360/raw_data/hic/NA19360-1_FC1_S31_L003_R1_001.fastq.gz,29.73,HPRC-OmniC-100124Pools
NA19360-1_FC1_S31_L003_R2_001.fastq.gz,NA19360,,SRP305758,PRJNA701308,,NA19360-1,Hi-C,GENOMIC,ILLUMINA,Illumina NovaSeq 6000,Illumina Sequencing of Omni-C Libraries,University of California Santa Cruz,wseligma@ucsc.edu,unaligned reads,fastq,paired,RANDOM,no shear,29725527347,9.59,0.407202,s3://human-pangenomics/submissions/0176C70E-541E-4163-8589-2948BBDE0682--HPRC-OmniC-100124Pools/NA19360/raw_data/hic/NA19360-1_FC1_S31_L003_R2_001.fastq.gz,29.73,HPRC-OmniC-100124Pools
NA19360-1_FC2_S31_L003_R1_001.fastq.gz,NA19360,,SRP305758,PRJNA701308,,NA19360-1,Hi-C,GENOMIC,ILLUMINA,Illumina NovaSeq 6000,Illumina Sequencing of Omni-C Libraries,University of California Santa Cruz,wseligma@ucsc.edu,unaligned reads,fastq,paired,RANDOM,no shear,32945078075,10.63,0.460007,s3://human-pangenomics/submissions/0176C70E-541E-4163-8589-2948BBDE0682--HPRC-OmniC-100124Pools/NA19360/raw_data/hic/NA19360-1_FC2_S31_L003_R1_001.fastq.gz,32.95,HPRC-OmniC-100124Pools
NA19360-1_FC2_S31_L003_R2_001.fastq.gz,NA19360,,SRP305758,PRJNA701308,,NA19360-1,Hi-C,GENOMIC,ILLUMINA,Illumina NovaSeq 6000,Illumina Sequencing of Omni-C Libraries,University of California Santa Cruz,wseligma@ucsc.edu,unaligned reads,fastq,paired,RANDOM,no shear,32945078075,10.63,0.392285,s3://human-pangenomics/submissions/0176C70E-541E-4163-8589-2948BBDE0682--HPRC-OmniC-100124Pools/NA19360/raw_data/hic/NA19360-1_FC2_S31_L003_R2_001.fastq.gz,32.95,HPRC-OmniC-100124Pools
NA19360-2_FC1_S32_L003_R1_001.fastq.gz,NA19360,,SRP305758,PRJNA701308,,NA19360-2,Hi-C,GENOMIC,ILLUMINA,Illumina NovaSeq 6000,Illumina Sequencing of Omni-C Libraries,University of California Santa Cruz,wseligma@ucsc.edu,unaligned reads,fastq,paired,RANDOM,no shear,30155239372,9.73,0.432378,s3://human-pangenomics/submissions/0176C70E-541E-4163-8589-2948BBDE0682--HPRC-OmniC-100124Pools/NA19360/raw_data/hic/NA19360-2_FC1_S32_L003_R1_001.fastq.gz,30.16,HPRC-OmniC-100124Pools
NA19360-2_FC1_S32_L003_R2_001.fastq.gz,NA19360,,SRP305758,PRJNA701308,,NA19360-2,Hi-C,GENOMIC,ILLUMINA,Illumina NovaSeq 6000,Illumina Sequencing of Omni-C Libraries,University of California Santa Cruz,wseligma@ucsc.edu,unaligned reads,fastq,paired,RANDOM,no shear,30155239372,9.73,0.412062,s3://human-pangenomics/submissions/0176C70E-541E-4163-8589-2948BBDE0682--HPRC-OmniC-100124Pools/NA19360/raw_data/hic/NA19360-2_FC1_S32_L003_R2_001.fastq.gz,30.16,HPRC-OmniC-100124Pools
NA19360-2_FC2_S32_L003_R1_001.fastq.gz,NA19360,,SRP305758,PRJNA701308,,NA19360-2,Hi-C,GENOMIC,ILLUMINA,Illumina NovaSeq 6000,Illumina Sequencing of Omni-C Libraries,University of California Santa Cruz,wseligma@ucsc.edu,unaligned reads,fastq,paired,RANDOM,no shear,33924152411,10.94,0.455641,s3://human-pangenomics/submissions/0176C70E-541E-4163-8589-2948BBDE0682--HPRC-OmniC-100124Pools/NA19360/raw_data/hic/NA19360-2_FC2_S32_L003_R1_001.fastq.gz,33.92,HPRC-OmniC-100124Pools
NA19360-2_FC2_S32_L003_R2_001.fastq.gz,NA19360,,SRP305758,PRJNA701308,,NA19360-2,Hi-C,GENOMIC,ILLUMINA,Illumina NovaSeq 6000,Illumina Sequencing of Omni-C Libraries,University of California Santa Cruz,wseligma@ucsc.edu,unaligned reads,fastq,paired,RANDOM,no shear,33924152411,10.94,0.435867,s3://human-pangenomics/submissions/0176C70E-541E-4163-8589-2948BBDE0682--HPRC-OmniC-100124Pools/NA19360/raw_data/hic/NA19360-2_FC2_S32_L003_R2_001.fastq.gz,33.92,HPRC-OmniC-100124Pools
NA19703-1_FC1_S15_L002_R1_001.fastq.gz,NA19703,,SRP305758,PRJNA701308,SAMN41021695,NA19703-1,Hi-C,GENOMIC,ILLUMINA,Illumina NovaSeq 6000,Illumina Sequencing of Omni-C Libraries,University of California Santa Cruz,wseligma@ucsc.edu,unaligned reads,fastq,paired,RANDOM,no shear,24432338013,7.88,0.430057,s3://human-pangenomics/submissions/0176C70E-541E-4163-8589-2948BBDE0682--HPRC-OmniC-100124Pools/NA19703/raw_data/hic/NA19703-1_FC1_S15_L002_R1_001.fastq.gz,24.43,HPRC-OmniC-100124Pools
NA19703-1_FC1_S15_L002_R2_001.fastq.gz,NA19703,,SRP305758,PRJNA701308,SAMN41021695,NA19703-1,Hi-C,GENOMIC,ILLUMINA,Illumina NovaSeq 6000,Illumina Sequencing of Omni-C Libraries,University of California Santa Cruz,wseligma@ucsc.edu,unaligned reads,fastq,paired,RANDOM,no shear,24432338013,7.88,0.417585,s3://human-pangenomics/submissions/0176C70E-541E-4163-8589-2948BBDE0682--HPRC-OmniC-100124Pools/NA19703/raw_data/hic/NA19703-1_FC1_S15_L002_R2_001.fastq.gz,24.43,HPRC-OmniC-100124Pools
NA19703-1_FC2_S15_L002_R1_001.fastq.gz,NA19703,,SRP305758,PRJNA701308,SAMN41021695,NA19703-1,Hi-C,GENOMIC,ILLUMINA,Illumina NovaSeq 6000,Illumina Sequencing of Omni-C Libraries,University of California Santa Cruz,wseligma@ucsc.edu,unaligned reads,fastq,paired,RANDOM,no shear,25927872364,8.36,0.429725,s3://human-pangenomics/submissions/0176C70E-541E-4163-8589-2948BBDE0682--HPRC-OmniC-100124Pools/NA19703/raw_data/hic/NA19703-1_FC2_S15_L002_R1_001.fastq.gz,25.93,HPRC-OmniC-100124Pools
NA19703-1_FC2_S15_L002_R2_001.fastq.gz,NA19703,,SRP305758,PRJNA701308,SAMN41021695,NA19703-1,Hi-C,GENOMIC,ILLUMINA,Illumina NovaSeq 6000,Illumina Sequencing of Omni-C Libraries,University of California Santa Cruz,wseligma@ucsc.edu,unaligned reads,fastq,paired,RANDOM,no shear,25927872364,8.36,0.435093,s3://human-pangenomics/submissions/0176C70E-541E-4163-8589-2948BBDE0682--HPRC-OmniC-100124Pools/NA19703/raw_data/hic/NA19703-1_FC2_S15_L002_R2_001.fastq.gz,25.93,HPRC-OmniC-100124Pools
NA19703-2_FC1_S16_L002_R1_001.fastq.gz,NA19703,,SRP305758,PRJNA701308,SAMN41021695,NA19703-2,Hi-C,GENOMIC,ILLUMINA,Illumina NovaSeq 6000,Illumina Sequencing of Omni-C Libraries,University of California Santa Cruz,wseligma@ucsc.edu,unaligned reads,fastq,paired,RANDOM,no shear,29112418876,9.39,0.468217,s3://human-pangenomics/submissions/0176C70E-541E-4163-8589-2948BBDE0682--HPRC-OmniC-100124Pools/NA19703/raw_data/hic/NA19703-2_FC1_S16_L002_R1_001.fastq.gz,29.11,HPRC-OmniC-100124Pools
NA19703-2_FC1_S16_L002_R2_001.fastq.gz,NA19703,,SRP305758,PRJNA701308,SAMN41021695,NA19703-2,Hi-C,GENOMIC,ILLUMINA,Illumina NovaSeq 6000,Illumina Sequencing of Omni-C Libraries,University of California Santa Cruz,wseligma@ucsc.edu,unaligned reads,fastq,paired,RANDOM,no shear,29112418876,9.39,0.385242,s3://human-pangenomics/submissions/0176C70E-541E-4163-8589-2948BBDE0682--HPRC-OmniC-100124Pools/NA19703/raw_data/hic/NA19703-2_FC1_S16_L002_R2_001.fastq.gz,29.11,HPRC-OmniC-100124Pools
NA19703-2_FC2_S16_L002_R1_001.fastq.gz,NA19703,,SRP305758,PRJNA701308,SAMN41021695,NA19703-2,Hi-C,GENOMIC,ILLUMINA,Illumina NovaSeq 6000,Illumina Sequencing of Omni-C Libraries,University of California Santa Cruz,wseligma@ucsc.edu,unaligned reads,fastq,paired,RANDOM,no shear,33082535640,10.67,0.47044,s3://human-pangenomics/submissions/0176C70E-541E-4163-8589-2948BBDE0682--HPRC-OmniC-100124Pools/NA19703/raw_data/hic/NA19703-2_FC2_S16_L002_R1_001.fastq.gz,33.08,HPRC-OmniC-100124Pools
NA19703-2_FC2_S16_L002_R2_001.fastq.gz,NA19703,,SRP305758,PRJNA701308,SAMN41021695,NA19703-2,Hi-C,GENOMIC,ILLUMINA,Illumina NovaSeq 6000,Illumina Sequencing of Omni-C Libraries,University of California Santa Cruz,wseligma@ucsc.edu,unaligned reads,fastq,paired,RANDOM,no shear,33082535640,10.67,0.425098,s3://human-pangenomics/submissions/0176C70E-541E-4163-8589-2948BBDE0682--HPRC-OmniC-100124Pools/NA19703/raw_data/hic/NA19703-2_FC2_S16_L002_R2_001.fastq.gz,33.08,HPRC-OmniC-100124Pools
NA19834-1_FC1_S3_L001_R1_001.fastq.gz,NA19834,,SRP305758,PRJNA701308,SAMN41021685,NA19834-1,Hi-C,GENOMIC,ILLUMINA,Illumina NovaSeq 6000,Illumina Sequencing of Omni-C Libraries,University of California Santa Cruz,wseligma@ucsc.edu,unaligned reads,fastq,paired,RANDOM,no shear,23022685214,7.43,0.470723,s3://human-pangenomics/submissions/0176C70E-541E-4163-8589-2948BBDE0682--HPRC-OmniC-100124Pools/NA19834/raw_data/hic/NA19834-1_FC1_S3_L001_R1_001.fastq.gz,23.02,HPRC-OmniC-100124Pools
NA19834-1_FC1_S3_L001_R2_001.fastq.gz,NA19834,,SRP305758,PRJNA701308,SAMN41021685,NA19834-1,Hi-C,GENOMIC,ILLUMINA,Illumina NovaSeq 6000,Illumina Sequencing of Omni-C Libraries,University of California Santa Cruz,wseligma@ucsc.edu,unaligned reads,fastq,paired,RANDOM,no shear,23022685214,7.43,0.379124,s3://human-pangenomics/submissions/0176C70E-541E-4163-8589-2948BBDE0682--HPRC-OmniC-100124Pools/NA19834/raw_data/hic/NA19834-1_FC1_S3_L001_R2_001.fastq.gz,23.02,HPRC-OmniC-100124Pools
NA19834-1_FC2_S3_L001_R1_001.fastq.gz,NA19834,,SRP305758,PRJNA701308,SAMN41021685,NA19834-1,Hi-C,GENOMIC,ILLUMINA,Illumina NovaSeq 6000,Illumina Sequencing of Omni-C Libraries,University of California Santa Cruz,wseligma@ucsc.edu,unaligned reads,fastq,paired,RANDOM,no shear,26905343986,8.68,0.466978,s3://human-pangenomics/submissions/0176C70E-541E-4163-8589-2948BBDE0682--HPRC-OmniC-100124Pools/NA19834/raw_data/hic/NA19834-1_FC2_S3_L001_R1_001.fastq.gz,26.91,HPRC-OmniC-100124Pools
NA19834-1_FC2_S3_L001_R2_001.fastq.gz,NA19834,,SRP305758,PRJNA701308,SAMN41021685,NA19834-1,Hi-C,GENOMIC,ILLUMINA,Illumina NovaSeq 6000,Illumina Sequencing of Omni-C Libraries,University of California Santa Cruz,wseligma@ucsc.edu,unaligned reads,fastq,paired,RANDOM,no shear,26905343986,8.68,0.401793,s3://human-pangenomics/submissions/0176C70E-541E-4163-8589-2948BBDE0682--HPRC-OmniC-100124Pools/NA19834/raw_data/hic/NA19834-1_FC2_S3_L001_R2_001.fastq.gz,26.91,HPRC-OmniC-100124Pools
NA19834-2_FC1_S4_L001_R1_001.fastq.gz,NA19834,,SRP305758,PRJNA701308,SAMN41021685,NA19834-2,Hi-C,GENOMIC,ILLUMINA,Illumina NovaSeq 6000,Illumina Sequencing of Omni-C Libraries,University of California Santa Cruz,wseligma@ucsc.edu,unaligned reads,fastq,paired,RANDOM,no shear,26228202455,8.46,0.423308,s3://human-pangenomics/submissions/0176C70E-541E-4163-8589-2948BBDE0682--HPRC-OmniC-100124Pools/NA19834/raw_data/hic/NA19834-2_FC1_S4_L001_R1_001.fastq.gz,26.23,HPRC-OmniC-100124Pools
NA19834-2_FC1_S4_L001_R2_001.fastq.gz,NA19834,,SRP305758,PRJNA701308,SAMN41021685,NA19834-2,Hi-C,GENOMIC,ILLUMINA,Illumina NovaSeq 6000,Illumina Sequencing of Omni-C Libraries,University of California Santa Cruz,wseligma@ucsc.edu,unaligned reads,fastq,paired,RANDOM,no shear,26228202455,8.46,0.370429,s3://human-pangenomics/submissions/0176C70E-541E-4163-8589-2948BBDE0682--HPRC-OmniC-100124Pools/NA19834/raw_data/hic/NA19834-2_FC1_S4_L001_R2_001.fastq.gz,26.23,HPRC-OmniC-100124Pools
NA19834-2_FC2_S4_L001_R1_001.fastq.gz,NA19834,,SRP305758,PRJNA701308,SAMN41021685,NA19834-2,Hi-C,GENOMIC,ILLUMINA,Illumina NovaSeq 6000,Illumina Sequencing of Omni-C Libraries,University of California Santa Cruz,wseligma@ucsc.edu,unaligned reads,fastq,paired,RANDOM,no shear,28703654326,9.26,0.444321,s3://human-pangenomics/submissions/0176C70E-541E-4163-8589-2948BBDE0682--HPRC-OmniC-100124Pools/NA19834/raw_data/hic/NA19834-2_FC2_S4_L001_R1_001.fastq.gz,28.70,HPRC-OmniC-100124Pools
NA19834-2_FC2_S4_L001_R2_001.fastq.gz,NA19834,,SRP305758,PRJNA701308,SAMN41021685,NA19834-2,Hi-C,GENOMIC,ILLUMINA,Illumina NovaSeq 6000,Illumina Sequencing of Omni-C Libraries,University of California Santa Cruz,wseligma@ucsc.edu,unaligned reads,fastq,paired,RANDOM,no shear,28703654326,9.26,0.387801,s3://human-pangenomics/submissions/0176C70E-541E-4163-8589-2948BBDE0682--HPRC-OmniC-100124Pools/NA19834/raw_data/hic/NA19834-2_FC2_S4_L001_R2_001.fastq.gz,28.70,HPRC-OmniC-100124Pools